frame,timestamp,person_detected,person_id,person_x1,person_y1,person_x2,person_y2,left_wrist_x,left_wrist_y,right_wrist_x,right_wrist_y,backpack_detected,backpack_from_memory,backpack_confidence,backpack_x1,backpack_y1,backpack_x2,backpack_y2,backpack_center_x,backpack_center_y,backpack_roi_overlap_pct,roi_value,wrist_inside_roi,backpack_inside_roi,state,event
1,0.033,False,,,,,,,,,,True,False,0.6040,234,611,439,852,336,731,100.0,0.0,False,True,PLACED,
2,0.067,False,,,,,,,,,,True,False,0.6093,232,611,437,851,334,731,100.0,0.0,False,True,PLACED,
3,0.100,False,,,,,,,,,,True,False,0.6142,232,611,437,851,334,731,100.0,0.0,False,True,PLACED,
4,0.133,False,,,,,,,,,,True,False,0.6216,233,611,437,851,335,731,100.0,0.0,False,True,PLACED,
5,0.167,False,,,,,,,,,,True,False,0.6286,232,611,437,851,334,731,100.0,0.0,False,True,PLACED,
6,0.200,False,,,,,,,,,,True,False,0.6035,233,612,437,851,335,731,100.0,0.0,False,True,PLACED,
7,0.233,False,,,,,,,,,,True,False,0.6193,233,612,437,851,335,731,100.0,0.0,False,True,PLACED,
8,0.267,False,,,,,,,,,,True,False,0.6086,233,612,438,851,335,731,100.0,0.0,False,True,PLACED,
9,0.300,False,,,,,,,,,,True,False,0.6417,233,612,438,851,335,731,100.0,0.0,False,True,PLACED,
10,0.333,False,,,,,,,,,,True,False,0.6449,233,612,437,852,335,732,100.0,0.0,False,True,PLACED,
11,0.367,False,,,,,,,,,,True,False,0.6411,232,612,437,852,334,732,100.0,0.0,False,True,PLACED,
12,0.400,False,,,,,,,,,,True,False,0.6339,232,612,437,852,334,732,100.0,0.0,False,True,PLACED,
13,0.433,False,,,,,,,,,,True,False,0.6437,231,612,438,852,334,732,100.0,0.0,False,True,PLACED,
14,0.467,False,,,,,,,,,,True,False,0.6366,231,612,438,852,334,732,100.0,0.0,False,True,PLACED,
15,0.500,False,,,,,,,,,,True,False,0.6341,231,612,438,852,334,732,100.0,0.0,False,True,PLACED,
16,0.533,False,,,,,,,,,,True,False,0.6265,231,612,438,852,334,732,100.0,0.0,False,True,PLACED,
17,0.567,False,,,,,,,,,,True,False,0.6268,231,612,438,852,334,732,100.0,0.0,False,True,PLACED,
18,0.600,False,,,,,,,,,,True,False,0.6079,232,612,438,852,335,732,100.0,0.0,False,True,PLACED,
19,0.633,False,,,,,,,,,,True,False,0.5822,234,612,438,854,336,733,100.0,0.0,False,True,PLACED,
20,0.667,False,,,,,,,,,,True,False,0.5883,234,612,438,854,336,733,100.0,0.0,False,True,PLACED,
21,0.700,False,,,,,,,,,,True,False,0.5725,232,612,439,852,335,732,100.0,0.0,False,True,PLACED,
22,0.733,False,,,,,,,,,,True,False,0.6341,232,612,438,852,335,732,100.0,0.0,False,True,PLACED,
23,0.767,False,,,,,,,,,,True,False,0.6526,233,612,438,852,335,732,100.0,0.0,False,True,PLACED,
24,0.800,False,,,,,,,,,,True,False,0.6459,234,612,438,852,336,732,100.0,0.0,False,True,PLACED,
25,0.833,False,,,,,,,,,,True,False,0.6297,235,612,439,852,337,732,100.0,0.0,False,True,PLACED,
26,0.867,False,,,,,,,,,,True,False,0.6129,235,612,439,852,337,732,100.0,0.0,False,True,PLACED,
27,0.900,False,,,,,,,,,,True,False,0.5921,235,612,439,852,337,732,100.0,0.0,False,True,PLACED,
28,0.933,False,,,,,,,,,,True,False,0.5851,236,612,440,852,338,732,100.0,0.0,False,True,PLACED,
29,0.967,False,,,,,,,,,,True,False,0.5911,236,612,440,853,338,732,100.0,0.0,False,True,PLACED,
30,1.000,False,,,,,,,,,,True,False,0.5725,236,612,441,853,338,732,100.0,0.0,False,True,PLACED,
31,1.033,False,,,,,,,,,,True,False,0.5558,237,612,440,853,338,732,100.0,0.0,False,True,PLACED,
32,1.067,False,,,,,,,,,,True,False,0.5461,237,612,440,853,338,732,100.0,0.0,False,True,PLACED,
33,1.100,False,,,,,,,,,,True,False,0.5476,236,612,440,854,338,733,100.0,0.0,False,True,PLACED,
34,1.133,False,,,,,,,,,,True,False,0.5582,236,612,440,854,338,733,100.0,0.0,False,True,PLACED,
35,1.167,False,,,,,,,,,,True,False,0.5504,236,612,440,854,338,733,100.0,0.0,False,True,PLACED,
36,1.200,False,,,,,,,,,,True,False,0.5438,237,612,440,854,338,733,100.0,0.0,False,True,PLACED,
37,1.233,False,,,,,,,,,,True,False,0.5712,237,613,440,853,338,733,100.0,0.0,False,True,PLACED,
38,1.267,False,,,,,,,,,,True,False,0.5768,237,612,441,854,339,733,100.0,0.0,False,True,PLACED,
39,1.300,False,,,,,,,,,,True,False,0.5762,237,612,441,854,339,733,100.0,0.0,False,True,PLACED,
40,1.333,False,,,,,,,,,,True,False,0.5847,237,613,441,854,339,733,100.0,0.0,False,True,PLACED,
41,1.367,False,,,,,,,,,,True,False,0.5940,237,613,441,854,339,733,100.0,0.0,False,True,PLACED,
42,1.400,False,,,,,,,,,,True,False,0.5987,237,613,442,854,339,733,100.0,0.0,False,True,PLACED,
43,1.433,False,,,,,,,,,,True,False,0.5848,237,613,442,854,339,733,100.0,0.0,False,True,PLACED,
44,1.467,False,,,,,,,,,,True,False,0.5863,237,613,442,854,339,733,100.0,0.0,False,True,PLACED,
45,1.500,False,,,,,,,,,,True,False,0.5906,237,613,442,854,339,733,100.0,0.0,False,True,PLACED,
46,1.533,False,,,,,,,,,,True,False,0.5944,237,613,442,854,339,733,100.0,0.0,False,True,PLACED,
47,1.567,False,,,,,,,,,,True,False,0.5883,237,613,443,854,340,733,100.0,0.0,False,True,PLACED,
48,1.600,False,,,,,,,,,,True,False,0.5872,237,613,443,854,340,733,100.0,0.0,False,True,PLACED,
49,1.633,False,,,,,,,,,,True,False,0.5959,237,613,443,855,340,734,100.0,0.0,False,True,PLACED,
50,1.667,False,,,,,,,,,,True,False,0.6023,237,613,443,855,340,734,100.0,0.0,False,True,PLACED,
51,1.700,False,,,,,,,,,,True,False,0.5945,237,613,443,855,340,734,100.0,0.0,False,True,PLACED,
52,1.733,False,,,,,,,,,,True,False,0.5865,238,613,443,855,340,734,100.0,0.0,False,True,PLACED,
53,1.767,False,,,,,,,,,,True,False,0.5962,238,614,444,855,341,734,100.0,0.0,False,True,PLACED,
54,1.800,False,,,,,,,,,,True,False,0.5625,238,614,444,855,341,734,100.0,0.0,False,True,PLACED,
55,1.833,False,,,,,,,,,,True,False,0.5405,235,613,443,857,339,735,100.0,0.0,False,True,PLACED,
56,1.867,False,,,,,,,,,,True,False,0.5561,235,613,443,857,339,735,100.0,0.0,False,True,PLACED,
57,1.900,False,,,,,,,,,,True,False,0.5718,235,614,443,857,339,735,100.0,0.0,False,True,PLACED,
58,1.933,False,,,,,,,,,,True,False,0.5934,236,614,443,858,339,736,100.0,0.0,False,True,PLACED,
59,1.967,False,,,,,,,,,,True,False,0.5662,236,615,443,858,339,736,100.0,0.0,False,True,PLACED,
60,2.000,False,,,,,,,,,,True,False,0.5506,236,615,443,859,339,737,100.0,0.0,False,True,PLACED,
61,2.033,False,,,,,,,,,,True,False,0.5309,236,616,444,859,340,737,100.0,0.0,False,True,PLACED,
62,2.067,True,,612,8,720,900,710,390,720,386,True,False,0.5115,236,616,444,860,340,738,100.0,0.0,False,True,PLACED,
63,2.100,True,1,612,3,720,901,720,449,715,423,True,False,0.5156,236,617,444,860,340,738,100.0,0.0,False,True,PLACED,
64,2.133,True,1,611,1,720,903,719,484,703,477,True,False,0.5241,235,617,444,861,339,739,100.0,0.0,False,True,PLACED,
65,2.167,True,1,607,3,716,904,696,483,695,470,True,False,0.5204,235,618,444,861,339,739,100.0,0.0,False,True,PLACED,
66,2.200,True,1,600,7,710,904,668,477,668,471,True,False,0.5518,235,619,445,861,340,740,100.0,0.0,False,True,PLACED,
67,2.233,True,1,592,16,702,903,645,475,654,461,True,False,0.5108,235,619,445,862,340,740,100.0,0.0,False,True,PLACED,
68,2.267,True,1,587,26,698,903,621,467,644,447,True,False,0.5090,236,619,445,862,340,740,100.0,0.0,False,True,PLACED,
69,2.300,True,1,579,33,693,902,602,460,629,441,True,False,0.5169,236,619,445,863,340,741,100.0,0.0,False,True,PLACED,
70,2.333,True,1,569,40,686,899,593,455,616,443,True,False,0.5496,236,620,444,864,340,742,100.0,0.0,False,True,PLACED,
71,2.367,True,1,556,43,679,901,585,453,614,455,True,False,0.5805,237,621,444,865,340,743,100.0,0.0,False,True,PLACED,
72,2.400,True,1,540,51,671,902,582,455,607,452,True,False,0.5659,237,622,444,866,340,744,100.0,0.0,False,True,PLACED,
73,2.433,True,1,523,61,663,904,581,456,601,449,True,False,0.5802,236,623,445,868,340,745,100.0,0.0,False,True,PLACED,
74,2.467,True,1,506,67,656,903,576,475,592,461,True,False,0.5873,235,626,445,869,340,747,100.0,0.0,False,True,PLACED,
75,2.500,True,1,497,74,656,903,585,462,576,479,True,False,0.5991,234,627,445,870,339,748,100.0,0.0,False,True,PLACED,
76,2.533,True,1,490,82,659,903,589,456,539,496,True,False,0.5793,235,628,444,871,339,749,100.0,0.0,False,True,PLACED,
77,2.567,True,1,481,92,659,905,598,463,519,502,True,False,0.5221,236,628,443,872,339,750,100.0,0.0,True,True,PLACED,
78,2.600,True,1,476,100,663,906,600,461,495,508,True,False,0.5132,236,628,443,873,339,750,100.0,0.0,True,True,PLACED,
79,2.633,True,1,464,108,661,906,605,458,479,510,True,False,0.5005,234,630,444,874,339,752,100.0,0.0,True,True,PLACED,
80,2.667,True,1,454,114,660,903,606,459,462,519,True,False,0.4775,236,630,443,874,339,752,100.0,0.0,True,True,PLACED,
81,2.700,True,1,443,121,658,899,604,465,453,529,True,False,0.4718,235,632,442,876,338,754,100.0,0.0,True,True,PLACED,
82,2.733,True,1,426,130,650,896,617,452,440,538,True,False,0.4544,236,632,442,876,339,754,100.0,0.0,True,True,PICKING,PLACED -> PICKING
83,2.767,True,1,410,137,642,897,620,436,427,546,True,False,0.4376,235,633,442,877,338,755,100.0,0.0,True,True,PICKING,
84,2.800,True,1,394,144,633,896,625,431,423,545,True,False,0.4613,236,632,443,878,339,755,100.0,0.0,True,True,PICKING,
85,2.833,True,1,381,152,626,895,631,427,412,555,True,False,0.4391,235,635,443,878,339,756,100.0,0.0,True,True,PICKING,
86,2.867,True,1,369,160,622,897,632,428,405,559,True,False,0.4782,235,637,443,878,339,757,100.0,0.0,True,True,PICKING,
87,2.900,True,1,359,168,619,900,635,428,399,568,True,False,0.5189,235,640,444,879,339,759,100.0,0.0,True,True,PICKING,
88,2.933,True,1,350,174,618,905,637,429,395,573,True,False,0.5767,235,651,444,880,339,765,100.0,0.0,True,True,PICKING,
89,2.967,True,1,342,180,617,908,636,427,390,583,True,False,0.5681,236,653,444,881,340,767,100.0,0.0,True,True,PICKING,
90,3.000,True,1,335,185,617,910,634,432,388,587,True,False,0.5938,235,653,443,882,339,767,100.0,0.0,True,True,PICKING,
91,3.033,True,1,328,192,615,912,628,432,380,598,True,False,0.4279,237,650,442,884,339,767,100.0,0.0,True,True,PICKING,
92,3.067,True,1,322,199,615,913,621,437,376,603,True,False,0.5044,235,655,442,885,338,770,100.0,0.0,True,True,PICKING,
93,3.100,True,1,318,206,616,914,614,441,374,608,True,False,0.5109,235,655,442,886,338,770,100.0,0.0,True,True,PICKING,
94,3.133,True,1,313,208,617,915,606,444,389,608,True,False,0.5522,236,655,441,887,338,771,100.0,0.0,True,True,PICKING,
95,3.167,True,1,309,212,618,915,603,448,386,610,True,False,0.5413,237,657,440,888,338,772,100.0,0.0,True,True,PICKING,
96,3.200,True,1,305,215,619,915,608,452,384,615,True,False,0.4145,237,658,440,888,338,773,100.0,0.0,True,True,PICKING,
97,3.233,True,1,302,216,621,916,604,450,383,614,True,False,0.4344,237,658,441,889,339,773,100.0,0.0,True,True,PICKING,
98,3.267,True,1,299,216,623,917,599,453,384,614,True,False,0.4515,236,654,442,889,339,771,100.0,0.0,True,True,PICKING,
99,3.300,True,1,296,215,625,918,597,454,386,612,True,False,0.4076,235,653,441,890,338,771,100.0,0.0,True,True,PICKING,
100,3.333,True,1,293,213,627,918,586,461,386,607,True,True,,483,461,689,698,586,579,11.6,88.4,True,False,PICKING,
101,3.367,True,1,291,208,630,919,576,461,385,603,True,True,,473,461,679,698,576,579,16.0,84.0,True,False,PICKING,
102,3.400,True,1,288,199,633,919,563,461,388,590,True,True,,460,461,666,698,563,579,21.8,78.2,True,False,PICKING,
103,3.433,True,1,287,193,636,920,560,463,389,585,True,True,,457,463,663,700,560,581,23.3,76.7,True,False,PICKING,
104,3.467,True,1,286,188,639,921,555,467,388,576,True,True,,452,467,658,704,555,585,26.0,74.0,True,False,PICKING,
105,3.500,True,1,286,181,641,922,545,469,389,573,True,False,0.3061,256,607,438,881,347,744,100.0,0.0,True,True,PICKING,
106,3.533,True,1,286,176,643,922,539,462,393,563,True,False,0.2685,261,595,439,873,350,734,100.0,0.0,True,True,PICKING,
107,3.567,True,1,286,170,645,923,527,475,379,568,True,True,,438,475,616,753,527,614,39.0,61.0,True,False,PICKED,PICKING -> PICKED
108,3.600,True,1,286,164,645,924,521,481,381,563,True,True,,432,481,610,759,521,620,43.3,56.7,True,True,PICKED,
109,3.633,True,1,287,157,647,925,517,487,386,551,True,True,,428,487,606,765,517,626,45.5,54.5,True,True,PICKED,
110,3.667,True,1,288,150,647,925,513,481,398,530,True,True,,424,481,602,759,513,620,47.8,52.2,True,True,PICKED,
111,3.700,True,1,290,144,648,925,505,482,403,521,True,False,0.2910,291,540,452,805,371,672,100.0,0.0,True,True,PICKED,
112,3.733,True,1,293,136,649,926,495,484,412,509,True,True,,415,484,575,749,495,616,58.8,41.2,True,True,PICKED,
113,3.767,True,1,297,128,652,926,493,478,419,499,True,True,,413,478,573,743,493,610,59.3,40.7,True,True,PICKED,
114,3.800,True,1,301,122,653,927,490,467,431,480,True,True,,410,467,570,732,490,599,58.6,41.4,True,True,PICKED,
115,3.833,True,1,304,115,653,927,482,463,446,466,True,True,,402,463,562,728,482,595,62.3,37.7,True,True,PICKED,
116,3.867,True,1,310,106,656,928,476,462,451,463,True,True,,396,462,556,727,476,594,65.6,34.4,False,True,PICKED,
117,3.900,True,1,318,99,659,928,471,463,448,463,True,True,,391,463,551,728,471,595,68.7,31.3,False,True,PICKED,
118,3.933,True,1,325,92,661,928,471,457,450,457,True,True,,391,457,551,722,471,589,67.1,32.9,False,True,PICKED,
119,3.967,True,1,334,86,663,929,471,453,454,457,True,True,,391,453,551,718,471,585,66.0,34.0,False,True,PICKED,
120,4.000,True,1,344,81,666,930,466,454,454,459,True,True,,386,454,546,719,466,586,69.0,31.0,False,True,PICKED,
121,4.033,True,1,353,74,668,930,469,450,454,454,True,True,,389,450,549,715,469,582,66.2,33.8,False,True,PICKED,
122,4.067,True,1,359,69,668,930,471,448,458,448,True,True,,391,448,551,713,471,580,64.6,35.4,False,True,PICKED,
123,4.100,True,1,364,66,665,930,467,454,461,441,True,True,,387,454,547,719,467,586,68.5,31.5,False,True,PICKED,
124,4.133,True,1,369,64,663,930,465,457,465,440,True,True,,385,457,545,722,465,589,70.5,29.5,False,True,PICKED,
125,4.167,True,1,376,62,663,930,466,459,470,435,True,True,,386,459,546,724,466,591,70.5,29.5,False,True,PICKED,
126,4.200,True,1,383,61,663,931,473,458,476,435,True,True,,393,458,553,723,473,590,66.2,33.8,False,True,PICKED,
127,4.233,True,1,390,58,665,934,486,453,477,429,True,True,,406,453,566,718,486,585,57.6,42.4,False,True,PICKED,
128,4.267,True,1,397,58,667,934,494,454,481,425,True,True,,414,454,574,719,494,586,53.3,46.7,False,True,PICKED,
129,4.300,True,1,404,61,668,933,499,459,480,429,True,True,,419,459,579,724,499,591,51.6,48.4,False,True,PICKED,
130,4.333,True,1,408,64,667,933,509,460,480,434,True,True,,429,460,589,725,509,592,46.0,54.0,False,True,PICKED,
131,4.367,True,1,409,67,664,932,516,460,467,435,True,True,,436,460,596,725,516,592,42.0,58.0,False,True,PICKED,
132,4.400,True,1,413,72,665,932,524,466,468,440,True,True,,444,466,604,731,524,598,38.3,61.7,True,False,PICKED,
133,4.433,True,1,419,76,670,932,528,464,465,435,True,True,,448,464,608,729,528,596,35.7,64.3,False,False,PICKED,
134,4.467,True,1,424,80,674,932,535,462,464,435,True,True,,455,462,615,727,535,594,31.3,68.7,False,False,PICKED,
135,4.500,True,1,428,82,680,930,547,461,464,436,True,True,,467,461,627,726,547,593,24.3,75.7,False,False,PICKED,
136,4.533,True,1,435,83,688,932,568,460,454,435,True,True,,488,460,648,725,568,592,12.1,87.9,False,False,PICKED,
137,4.567,True,1,441,84,696,934,581,459,468,436,True,False,0.5082,411,443,610,712,510,577,42.3,57.7,False,True,PICKED,
138,4.600,True,1,446,86,704,939,594,459,472,431,True,False,0.4316,427,441,628,712,527,576,34.8,65.2,False,False,PICKED,
139,4.633,True,1,450,86,710,943,603,455,487,425,True,False,0.3515,445,441,647,713,546,577,27.0,73.0,False,False,PICKED,
140,4.667,True,1,456,86,715,937,618,450,491,423,True,True,,517,450,719,722,618,586,0.0,100.0,False,False,PICKED,
141,4.700,True,1,462,85,720,933,633,446,491,439,True,True,,532,446,734,718,633,582,0.0,100.0,False,False,PICKED,
142,4.733,True,1,469,85,720,934,649,444,503,445,True,False,0.3130,499,439,708,714,603,576,4.1,95.9,False,False,PICKED,
143,4.767,True,1,474,86,720,935,672,455,508,448,True,False,0.2140,519,439,719,717,619,578,0.0,100.0,False,False,PICKED,
144,4.800,True,1,479,88,720,931,678,453,520,446,True,True,,578,453,778,731,678,592,0.0,100.0,False,False,PICKED,
145,4.833,True,1,483,87,720,923,682,447,531,440,True,True,,582,447,782,725,682,586,0.0,100.0,False,False,PICKED,
146,4.867,True,1,488,87,720,921,705,446,551,445,True,False,0.1519,571,436,719,718,645,577,0.0,100.0,False,False,PICKED,
147,4.900,True,1,493,86,720,919,709,443,565,438,True,False,0.2079,586,438,720,719,653,578,0.0,100.0,False,False,PICKED,
148,4.933,True,1,499,83,720,922,709,446,599,450,True,False,0.2641,606,437,719,737,662,587,0.0,100.0,False,False,PICKED,
149,4.967,True,1,506,84,720,924,719,448,612,446,True,False,0.3683,621,438,720,724,670,581,0.0,100.0,False,False,PICKED,
150,5.000,True,1,513,86,720,923,720,451,626,442,True,False,0.3117,639,440,720,697,679,568,0.0,100.0,False,False,PICKED,
151,5.033,True,1,520,88,720,923,704,447,643,445,True,True,,664,447,744,704,704,575,0.0,100.0,False,False,PICKED,
152,5.067,True,1,524,92,720,923,709,458,669,446,True,True,,669,458,749,715,709,586,0.0,100.0,False,False,PICKED,
153,5.100,True,1,525,95,720,923,710,454,686,442,True,True,,670,454,750,711,710,582,0.0,100.0,False,False,PICKED,
154,5.133,True,1,527,106,720,923,714,460,699,444,True,True,,674,460,754,717,714,588,0.0,100.0,False,False,PICKED,
155,5.167,True,1,536,165,720,925,720,459,700,448,True,True,,680,459,760,716,720,587,0.0,100.0,False,False,PICKED,
156,5.200,True,1,542,195,720,924,720,443,706,440,True,True,,680,443,760,700,720,571,0.0,100.0,False,False,PICKED,
157,5.233,True,1,550,223,720,926,720,434,720,418,True,True,,680,434,760,691,720,562,0.0,100.0,False,False,PICKED,
158,5.267,True,1,562,232,720,927,720,428,720,416,True,True,,680,428,760,685,720,556,0.0,100.0,False,False,PICKED,
159,5.300,True,1,575,223,720,929,720,404,713,402,True,True,,680,404,760,661,720,532,0.0,100.0,False,False,PICKED,
160,5.333,False,,,,,,,,,,True,True,,639,440,720,697,679,568,0.0,100.0,False,False,PICKED,
161,5.367,False,,,,,,,,,,True,True,,639,440,720,697,679,568,0.0,100.0,False,False,PICKED,
162,5.400,False,,,,,,,,,,True,True,,639,440,720,697,679,568,0.0,100.0,False,False,PICKED,
163,5.433,False,,,,,,,,,,True,True,,639,440,720,697,679,568,0.0,100.0,False,False,PICKED,
164,5.467,False,,,,,,,,,,True,True,,639,440,720,697,679,568,0.0,100.0,False,False,PICKED,
165,5.500,False,,,,,,,,,,True,True,,639,440,720,697,679,568,0.0,100.0,False,False,PICKED,
166,5.533,False,,,,,,,,,,True,True,,639,440,720,697,679,568,0.0,100.0,False,False,PICKED,
167,5.567,False,,,,,,,,,,True,True,,639,440,720,697,679,568,0.0,100.0,False,False,PICKED,
168,5.600,False,,,,,,,,,,True,True,,639,440,720,697,679,568,0.0,100.0,False,False,PICKED,
169,5.633,False,,,,,,,,,,True,True,,639,440,720,697,679,568,0.0,100.0,False,False,PICKED,
170,5.667,False,,,,,,,,,,True,True,,639,440,720,697,679,568,0.0,100.0,False,False,PICKED,
171,5.700,False,,,,,,,,,,True,True,,639,440,720,697,679,568,0.0,100.0,False,False,PICKED,
172,5.733,False,,,,,,,,,,True,True,,639,440,720,697,679,568,0.0,100.0,False,False,PICKED,
173,5.767,False,,,,,,,,,,True,True,,639,440,720,697,679,568,0.0,100.0,False,False,PICKED,
174,5.800,False,,,,,,,,,,True,True,,639,440,720,697,679,568,0.0,100.0,False,False,PERSON LEAVES,PICKED -> PERSON LEAVES
175,5.833,False,,,,,,,,,,True,True,,639,440,720,697,679,568,0.0,100.0,False,False,PERSON LEAVES,
176,5.867,False,,,,,,,,,,True,True,,639,440,720,697,679,568,0.0,100.0,False,False,PERSON LEAVES,
177,5.900,False,,,,,,,,,,True,True,,639,440,720,697,679,568,0.0,100.0,False,False,PERSON LEAVES,
178,5.933,False,,,,,,,,,,True,True,,639,440,720,697,679,568,0.0,100.0,False,False,PERSON LEAVES,
179,5.967,False,,,,,,,,,,True,True,,639,440,720,697,679,568,0.0,100.0,False,False,PERSON LEAVES,
180,6.000,False,,,,,,,,,,True,True,,639,440,720,697,679,568,0.0,100.0,False,False,PERSON LEAVES,
181,6.033,False,,,,,,,,,,True,True,,639,440,720,697,679,568,0.0,100.0,False,False,PERSON LEAVES,
182,6.067,False,,,,,,,,,,True,True,,639,440,720,697,679,568,0.0,100.0,False,False,PERSON LEAVES,
183,6.100,False,,,,,,,,,,True,True,,639,440,720,697,679,568,0.0,100.0,False,False,PERSON LEAVES,
184,6.133,False,,,,,,,,,,True,True,,639,440,720,697,679,568,0.0,100.0,False,False,PERSON LEAVES,
185,6.167,False,,,,,,,,,,True,True,,639,440,720,697,679,568,0.0,100.0,False,False,PERSON LEAVES,
186,6.200,False,,,,,,,,,,True,True,,639,440,720,697,679,568,0.0,100.0,False,False,PERSON LEAVES,
187,6.233,False,,,,,,,,,,True,True,,639,440,720,697,679,568,0.0,100.0,False,False,PERSON LEAVES,
188,6.267,False,,,,,,,,,,True,True,,639,440,720,697,679,568,0.0,100.0,False,False,PERSON LEAVES,
189,6.300,False,,,,,,,,,,True,True,,639,440,720,697,679,568,0.0,100.0,False,False,PERSON LEAVES,
190,6.333,False,,,,,,,,,,True,True,,639,440,720,697,679,568,0.0,100.0,False,False,PERSON LEAVES,
191,6.367,False,,,,,,,,,,True,True,,639,440,720,697,679,568,0.0,100.0,False,False,PERSON LEAVES,
192,6.400,False,,,,,,,,,,True,True,,639,440,720,697,679,568,0.0,100.0,False,False,PERSON LEAVES,
193,6.433,False,,,,,,,,,,True,True,,639,440,720,697,679,568,0.0,100.0,False,False,PERSON LEAVES,
194,6.467,False,,,,,,,,,,True,True,,639,440,720,697,679,568,0.0,100.0,False,False,PERSON LEAVES,
195,6.500,False,,,,,,,,,,True,True,,639,440,720,697,679,568,0.0,100.0,False,False,PERSON LEAVES,
196,6.533,False,,,,,,,,,,False,False,,,,,,,,0.0,100.0,False,False,PERSON LEAVES,
197,6.567,False,,,,,,,,,,False,False,,,,,,,,0.0,100.0,False,False,PERSON LEAVES,
198,6.600,False,,,,,,,,,,False,False,,,,,,,,0.0,100.0,False,False,PERSON LEAVES,
199,6.633,False,,,,,,,,,,False,False,,,,,,,,0.0,100.0,False,False,PERSON LEAVES,
200,6.667,False,,,,,,,,,,False,False,,,,,,,,0.0,100.0,False,False,PERSON LEAVES,
201,6.700,False,,,,,,,,,,False,False,,,,,,,,0.0,100.0,False,False,PERSON LEAVES,
202,6.733,False,,,,,,,,,,False,False,,,,,,,,0.0,100.0,False,False,PERSON LEAVES,
203,6.767,False,,,,,,,,,,False,False,,,,,,,,0.0,100.0,False,False,PERSON LEAVES,
204,6.800,False,,,,,,,,,,False,False,,,,,,,,0.0,100.0,False,False,PERSON LEAVES,
205,6.833,False,,,,,,,,,,False,False,,,,,,,,0.0,100.0,False,False,PERSON LEAVES,
206,6.867,False,,,,,,,,,,False,False,,,,,,,,0.0,100.0,False,False,PERSON LEAVES,
207,6.900,False,,,,,,,,,,False,False,,,,,,,,0.0,100.0,False,False,PERSON LEAVES,
208,6.933,False,,,,,,,,,,False,False,,,,,,,,0.0,100.0,False,False,PERSON LEAVES,
209,6.967,False,,,,,,,,,,False,False,,,,,,,,0.0,100.0,False,False,PERSON LEAVES,
210,7.000,False,,,,,,,,,,False,False,,,,,,,,0.0,100.0,False,False,PERSON LEAVES,
211,7.033,False,,,,,,,,,,False,False,,,,,,,,0.0,100.0,False,False,PERSON LEAVES,
212,7.067,False,,,,,,,,,,False,False,,,,,,,,0.0,100.0,False,False,PERSON LEAVES,
213,7.100,False,,,,,,,,,,False,False,,,,,,,,0.0,100.0,False,False,PERSON LEAVES,
214,7.133,False,,,,,,,,,,False,False,,,,,,,,0.0,100.0,False,False,PERSON LEAVES,
215,7.167,False,,,,,,,,,,False,False,,,,,,,,0.0,100.0,False,False,PERSON LEAVES,
216,7.200,False,,,,,,,,,,False,False,,,,,,,,0.0,100.0,False,False,PERSON LEAVES,
217,7.233,False,,,,,,,,,,False,False,,,,,,,,0.0,100.0,False,False,PERSON LEAVES,
218,7.267,False,,,,,,,,,,False,False,,,,,,,,0.0,100.0,False,False,PERSON LEAVES,
219,7.300,False,,,,,,,,,,False,False,,,,,,,,0.0,100.0,False,False,PERSON LEAVES,
220,7.333,False,,,,,,,,,,False,False,,,,,,,,0.0,100.0,False,False,PERSON LEAVES,
221,7.367,False,,,,,,,,,,False,False,,,,,,,,0.0,100.0,False,False,PERSON LEAVES,
222,7.400,False,,,,,,,,,,False,False,,,,,,,,0.0,100.0,False,False,PERSON LEAVES,
223,7.433,False,,,,,,,,,,False,False,,,,,,,,0.0,100.0,False,False,PERSON LEAVES,
224,7.467,False,,,,,,,,,,False,False,,,,,,,,0.0,100.0,False,False,PERSON LEAVES,
225,7.500,False,,,,,,,,,,False,False,,,,,,,,0.0,100.0,False,False,PERSON LEAVES,
226,7.533,False,,,,,,,,,,False,False,,,,,,,,0.0,100.0,False,False,PERSON LEAVES,
227,7.567,False,,,,,,,,,,False,False,,,,,,,,0.0,100.0,False,False,PERSON LEAVES,
228,7.600,False,,,,,,,,,,False,False,,,,,,,,0.0,100.0,False,False,PERSON LEAVES,
229,7.633,False,,,,,,,,,,False,False,,,,,,,,0.0,100.0,False,False,PERSON LEAVES,
230,7.667,False,,,,,,,,,,False,False,,,,,,,,0.0,100.0,False,False,PERSON LEAVES,
231,7.700,False,,,,,,,,,,False,False,,,,,,,,0.0,100.0,False,False,PERSON LEAVES,
232,7.733,False,,,,,,,,,,False,False,,,,,,,,0.0,100.0,False,False,PERSON LEAVES,
233,7.767,False,,,,,,,,,,False,False,,,,,,,,0.0,100.0,False,False,PERSON LEAVES,
234,7.800,False,,,,,,,,,,False,False,,,,,,,,0.0,100.0,False,False,PERSON LEAVES,
235,7.833,False,,,,,,,,,,False,False,,,,,,,,0.0,100.0,False,False,PERSON LEAVES,
236,7.867,False,,,,,,,,,,False,False,,,,,,,,0.0,100.0,False,False,PERSON LEAVES,
237,7.900,False,,,,,,,,,,False,False,,,,,,,,0.0,100.0,False,False,PERSON LEAVES,
238,7.933,False,,,,,,,,,,False,False,,,,,,,,0.0,100.0,False,False,PERSON LEAVES,
239,7.967,False,,,,,,,,,,False,False,,,,,,,,0.0,100.0,False,False,PERSON LEAVES,
240,8.000,False,,,,,,,,,,False,False,,,,,,,,0.0,100.0,False,False,PERSON LEAVES,
241,8.033,False,,,,,,,,,,False,False,,,,,,,,0.0,100.0,False,False,PERSON LEAVES,
242,8.067,False,,,,,,,,,,False,False,,,,,,,,0.0,100.0,False,False,PERSON LEAVES,
243,8.100,False,,,,,,,,,,False,False,,,,,,,,0.0,100.0,False,False,PERSON LEAVES,
244,8.133,False,,,,,,,,,,False,False,,,,,,,,0.0,100.0,False,False,PERSON LEAVES,
245,8.167,False,,,,,,,,,,False,False,,,,,,,,0.0,100.0,False,False,PERSON LEAVES,
246,8.200,False,,,,,,,,,,False,False,,,,,,,,0.0,100.0,False,False,PERSON LEAVES,
247,8.233,False,,,,,,,,,,False,False,,,,,,,,0.0,100.0,False,False,PERSON LEAVES,
248,8.267,False,,,,,,,,,,False,False,,,,,,,,0.0,100.0,False,False,PERSON LEAVES,
249,8.300,False,,,,,,,,,,False,False,,,,,,,,0.0,100.0,False,False,PERSON LEAVES,
250,8.333,False,,,,,,,,,,False,False,,,,,,,,0.0,100.0,False,False,PERSON LEAVES,
251,8.367,False,,,,,,,,,,False,False,,,,,,,,0.0,100.0,False,False,PERSON LEAVES,
252,8.400,False,,,,,,,,,,False,False,,,,,,,,0.0,100.0,False,False,PERSON LEAVES,
253,8.433,False,,,,,,,,,,False,False,,,,,,,,0.0,100.0,False,False,PERSON LEAVES,
254,8.467,False,,,,,,,,,,False,False,,,,,,,,0.0,100.0,False,False,PERSON LEAVES,
255,8.500,False,,,,,,,,,,False,False,,,,,,,,0.0,100.0,False,False,PERSON LEAVES,
256,8.533,False,,,,,,,,,,False,False,,,,,,,,0.0,100.0,False,False,PERSON LEAVES,
257,8.567,False,,,,,,,,,,False,False,,,,,,,,0.0,100.0,False,False,PERSON LEAVES,
258,8.600,False,,,,,,,,,,False,False,,,,,,,,0.0,100.0,False,False,PERSON LEAVES,
259,8.633,False,,,,,,,,,,False,False,,,,,,,,0.0,100.0,False,False,PERSON LEAVES,
260,8.667,False,,,,,,,,,,False,False,,,,,,,,0.0,100.0,False,False,PERSON LEAVES,
261,8.700,False,,,,,,,,,,False,False,,,,,,,,0.0,100.0,False,False,PERSON LEAVES,
262,8.733,False,,,,,,,,,,False,False,,,,,,,,0.0,100.0,False,False,PERSON LEAVES,
263,8.767,False,,,,,,,,,,False,False,,,,,,,,0.0,100.0,False,False,PERSON LEAVES,
264,8.800,False,,,,,,,,,,False,False,,,,,,,,0.0,100.0,False,False,PERSON LEAVES,
265,8.833,False,,,,,,,,,,False,False,,,,,,,,0.0,100.0,False,False,PERSON LEAVES,
266,8.867,False,,,,,,,,,,False,False,,,,,,,,0.0,100.0,False,False,PERSON LEAVES,
267,8.900,False,,,,,,,,,,False,False,,,,,,,,0.0,100.0,False,False,PERSON LEAVES,
268,8.933,False,,,,,,,,,,False,False,,,,,,,,0.0,100.0,False,False,PERSON LEAVES,
269,8.967,False,,,,,,,,,,False,False,,,,,,,,0.0,100.0,False,False,PERSON LEAVES,
270,9.000,False,,,,,,,,,,False,False,,,,,,,,0.0,100.0,False,False,PERSON LEAVES,
271,9.033,False,,,,,,,,,,False,False,,,,,,,,0.0,100.0,False,False,PERSON LEAVES,
272,9.067,False,,,,,,,,,,False,False,,,,,,,,0.0,100.0,False,False,PERSON LEAVES,
273,9.100,False,,,,,,,,,,False,False,,,,,,,,0.0,100.0,False,False,PERSON LEAVES,
274,9.133,False,,,,,,,,,,False,False,,,,,,,,0.0,100.0,False,False,PERSON LEAVES,
275,9.167,False,,,,,,,,,,False,False,,,,,,,,0.0,100.0,False,False,PERSON LEAVES,
276,9.200,False,,,,,,,,,,False,False,,,,,,,,0.0,100.0,False,False,PERSON LEAVES,
277,9.233,False,,,,,,,,,,True,False,0.1725,642,462,719,712,680,587,0.0,100.0,False,False,PERSON LEAVES,
278,9.267,False,,,,,,,,,,True,True,,642,462,719,712,680,587,0.0,100.0,False,False,PERSON LEAVES,
279,9.300,False,,,,,,,,,,True,True,,642,462,719,712,680,587,0.0,100.0,False,False,PERSON LEAVES,
280,9.333,False,,,,,,,,,,True,False,0.2383,598,420,718,709,658,564,0.0,100.0,False,False,PERSON LEAVES,
281,9.367,False,,,,,,,,,,True,True,,598,420,718,709,658,564,0.0,100.0,False,False,PERSON LEAVES,
282,9.400,False,,,,,,,,,,True,False,0.1995,562,452,710,710,636,581,0.0,100.0,False,False,PERSON LEAVES,
283,9.433,True,,620,49,720,959,673,425,675,418,True,False,0.2211,547,448,706,712,626,580,0.0,100.0,False,False,PERSON LEAVES,
284,9.467,True,2,608,55,708,959,668,428,667,418,True,True,,589,428,747,692,668,560,0.0,100.0,False,False,PERSON LEAVES,
285,9.500,True,2,589,58,687,938,664,434,661,421,True,True,,585,434,743,698,664,566,0.0,100.0,False,False,PERSON LEAVES,
286,9.533,True,2,568,65,668,932,643,440,648,429,True,True,,564,440,722,704,643,572,0.0,100.0,False,False,PERSON LEAVES,
287,9.567,True,2,550,70,654,928,633,439,649,434,True,False,0.3409,489,462,650,721,569,591,11.5,88.5,False,False,PERSON LEAVES,
288,9.600,True,2,536,75,646,925,609,448,618,449,True,False,0.3785,475,466,637,725,556,595,19.8,80.2,False,False,PERSON LEAVES,
289,9.633,True,2,526,83,643,925,603,451,601,449,True,True,,522,451,684,710,603,580,0.0,100.0,False,False,PERSON LEAVES,
290,9.667,True,2,519,89,644,924,587,457,588,458,True,True,,506,457,668,716,587,586,1.7,98.3,False,False,PERSON LEAVES,
291,9.700,True,2,512,92,646,926,582,475,570,460,True,False,0.3546,436,477,592,741,514,609,46.1,53.9,False,True,PERSON LEAVES,
292,9.733,True,2,506,95,650,931,579,474,562,465,True,False,0.5227,425,483,585,749,505,616,52.5,47.5,False,True,PERSON LEAVES,
293,9.767,True,2,503,100,656,935,570,475,558,475,True,False,0.4673,412,489,572,751,492,620,60.6,39.4,False,True,PERSON LEAVES,
294,9.800,True,2,498,104,660,938,568,469,547,474,True,True,,488,469,648,731,568,600,12.5,87.5,False,False,PERSON LEAVES,
295,9.833,True,2,492,109,664,943,555,473,532,479,True,False,0.3988,388,499,547,766,467,632,76.1,23.9,False,True,PERSON LEAVES,
296,9.867,True,2,483,113,663,940,567,475,507,492,True,False,0.3216,373,509,538,775,455,642,82.4,17.6,True,True,PERSON LEAVES,
297,9.900,True,2,474,119,664,942,575,480,492,513,True,False,0.3903,362,521,517,784,439,652,94.8,5.2,True,True,PERSON LEAVES,
298,9.933,True,2,464,124,661,937,575,488,474,515,True,True,,498,488,652,751,575,619,7.1,92.9,True,False,PERSON LEAVES,
299,9.967,True,2,447,130,651,934,581,486,470,525,True,True,,504,486,658,749,581,617,3.2,96.8,True,False,PERSON LEAVES,
300,10.000,True,2,426,135,635,936,583,491,459,535,True,False,0.3363,329,555,486,817,407,686,100.0,0.0,True,True,PERSON LEAVES,
301,10.033,True,2,411,141,626,939,589,493,443,541,True,False,0.3917,318,565,478,827,398,696,100.0,0.0,True,True,PERSON LEAVES,
302,10.067,True,2,399,146,619,939,591,491,426,554,True,False,0.2906,304,577,467,838,385,707,100.0,0.0,True,True,PERSON LEAVES,
303,10.100,True,2,390,151,616,941,596,489,418,560,True,False,0.3204,287,587,461,850,374,718,100.0,0.0,True,True,PLACING,PERSON LEAVES -> PLACING
304,10.133,True,2,381,157,613,941,600,487,413,563,True,False,0.4121,269,598,454,865,361,731,100.0,0.0,True,True,PLACING,
305,10.167,True,2,373,160,611,940,606,488,408,571,True,False,0.4267,260,604,450,900,355,752,100.0,0.0,True,True,PLACING,
306,10.200,True,2,367,169,610,941,610,489,401,580,True,False,0.4417,250,618,447,902,348,760,100.0,0.0,True,True,PLACING,
307,10.233,True,2,360,177,608,940,613,486,394,595,True,False,0.4683,243,623,443,903,343,763,100.0,0.0,True,True,PLACING,
308,10.267,True,2,353,183,607,939,615,483,385,608,True,False,0.4028,236,633,440,904,338,768,100.0,0.0,True,True,PLACING,
309,10.300,True,2,346,188,606,940,616,478,381,612,True,False,0.4287,232,638,437,909,334,773,100.0,0.0,True,True,PLACING,
310,10.333,True,2,341,196,607,939,619,476,379,614,True,False,0.5194,231,644,435,913,333,778,99.6,0.4,True,True,PLACING,
311,10.367,True,2,336,204,607,938,620,473,372,623,True,False,0.5563,226,651,434,914,330,782,99.2,0.8,True,True,PLACING,
312,10.400,True,2,331,208,609,938,619,471,369,621,True,False,0.6305,222,653,433,914,327,783,99.2,0.8,True,True,PLACING,
313,10.433,True,2,326,213,610,938,619,469,364,624,True,False,0.6190,221,655,433,914,327,784,99.2,0.8,True,True,PLACING,
314,10.467,True,2,322,218,611,936,619,467,376,614,True,False,0.6018,234,659,432,915,333,787,98.8,1.2,True,True,PLACING,
315,10.500,True,2,317,223,611,936,621,464,377,613,True,False,0.5427,232,661,432,914,332,787,99.2,0.8,True,True,PLACING,
316,10.533,True,2,313,227,613,935,621,462,376,614,True,False,0.5397,221,660,431,914,326,787,99.2,0.8,True,True,PLACING,
317,10.567,True,2,310,230,615,934,618,464,375,615,True,False,0.5217,216,662,430,914,323,788,99.2,0.8,True,True,PLACING,
318,10.600,True,2,307,231,617,934,617,465,375,615,True,False,0.5182,214,668,427,913,320,790,99.6,0.4,True,True,PLACING,
319,10.633,True,2,305,230,621,934,616,471,376,617,True,False,0.5377,212,668,428,913,320,790,99.6,0.4,True,True,PLACING,
320,10.667,True,2,302,228,624,934,614,475,377,615,True,False,0.5554,210,673,428,912,319,792,100.0,0.0,True,True,PLACING,
321,10.700,True,2,300,225,626,934,612,476,378,612,True,False,0.5813,209,674,428,912,318,793,100.0,0.0,True,True,PLACING,
322,10.733,True,2,299,220,630,933,610,478,378,612,True,False,0.5605,218,676,428,911,323,793,100.0,0.0,True,True,PLACING,
323,10.767,True,2,298,215,634,933,608,479,376,612,True,False,0.5890,224,676,429,911,326,793,100.0,0.0,True,True,PLACING,
324,10.800,True,2,297,211,637,933,606,480,376,612,True,False,0.5498,226,674,430,911,328,792,100.0,0.0,True,True,PLACING,
325,10.833,True,2,298,206,641,933,605,482,377,613,True,False,0.6167,220,673,430,911,325,792,100.0,0.0,True,True,PLACING,
326,10.867,True,2,299,202,646,934,607,484,362,614,True,False,0.6414,213,673,429,911,321,792,100.0,0.0,True,True,PLACING,
327,10.900,True,2,302,195,651,934,604,482,373,604,True,False,0.6451,211,672,429,911,320,791,100.0,0.0,True,True,PLACING,
328,10.933,True,2,304,188,656,934,604,483,377,601,True,False,0.6498,212,672,429,911,320,791,100.0,0.0,True,True,PLACING,
329,10.967,True,2,309,183,660,935,607,485,382,599,True,False,0.6160,211,671,429,910,320,790,100.0,0.0,True,True,PLACING,
330,11.000,True,2,314,177,666,934,614,485,391,593,True,False,0.5949,211,671,429,910,320,790,100.0,0.0,True,True,PLACING,
331,11.033,True,2,319,167,672,934,625,488,389,597,True,False,0.5254,218,671,429,910,323,790,100.0,0.0,True,True,PLACING,
332,11.067,True,2,325,160,677,933,625,489,407,582,True,False,0.5363,215,671,429,910,322,790,100.0,0.0,True,True,PLACING,
333,11.100,True,2,334,153,684,934,632,486,410,582,True,False,0.5129,217,671,428,910,322,790,100.0,0.0,True,True,PLACING,
334,11.133,True,2,342,146,692,937,641,484,415,576,True,False,0.5825,217,671,428,910,322,790,100.0,0.0,True,True,PLACING,
335,11.167,True,2,352,134,702,941,653,485,422,573,True,False,0.6037,216,671,428,910,322,790,100.0,0.0,True,True,PLACING,
336,11.200,True,2,362,121,712,943,663,486,428,569,True,False,0.6359,215,670,428,910,321,790,100.0,0.0,True,True,PLACING,
337,11.233,True,2,374,113,720,946,671,486,438,569,True,False,0.6446,213,671,428,910,320,790,100.0,0.0,True,True,PLACING,
338,11.267,True,2,386,107,720,946,680,486,447,566,True,False,0.6398,210,671,428,910,319,790,100.0,0.0,True,True,PLACING,
339,11.300,True,2,398,101,720,945,687,484,451,565,True,False,0.6539,208,671,428,910,318,790,100.0,0.0,True,True,PLACING,
340,11.333,True,2,409,92,720,942,696,488,468,564,True,False,0.6588,207,671,428,910,317,790,100.0,0.0,True,True,PLACING,
341,11.367,True,2,417,85,720,942,711,487,476,553,True,False,0.6576,208,671,428,910,318,790,100.0,0.0,True,True,PLACING,
342,11.400,True,2,422,80,720,938,716,491,480,550,True,False,0.6484,210,671,428,910,319,790,100.0,0.0,True,True,PLACING,
343,11.433,True,2,427,76,720,926,719,492,488,539,True,False,0.6373,210,671,428,910,319,790,100.0,0.0,True,True,PLACING,
344,11.467,True,2,430,73,720,920,720,513,494,542,True,False,0.6424,210,672,427,910,318,791,100.0,0.0,True,True,PLACING,
345,11.500,True,2,431,72,720,918,720,497,499,543,True,False,0.6526,213,672,427,910,320,791,100.0,0.0,True,True,PLACING,
346,11.533,True,2,433,80,720,918,714,496,503,545,True,False,0.6687,213,672,427,910,320,791,100.0,0.0,True,True,PLACING,
347,11.567,True,2,433,79,720,918,710,508,513,540,True,False,0.6557,210,672,427,911,318,791,100.0,0.0,True,True,PLACING,
348,11.600,True,2,434,72,720,917,720,493,520,550,True,False,0.6660,214,672,426,911,320,791,100.0,0.0,True,True,PLACING,
349,11.633,True,2,434,74,720,919,720,494,527,548,True,False,0.6738,214,673,426,911,320,792,100.0,0.0,False,True,PLACING,
350,11.667,True,2,435,73,720,919,720,498,534,534,True,False,0.6730,214,673,426,911,320,792,100.0,0.0,False,True,PLACING,
351,11.700,True,2,438,71,720,918,720,505,545,534,True,False,0.6859,215,673,426,911,320,792,100.0,0.0,False,True,PLACING,
352,11.733,True,2,440,66,720,920,720,498,555,540,True,False,0.6906,209,674,426,912,317,793,100.0,0.0,False,True,PLACING,
353,11.767,True,2,447,62,720,922,720,509,575,543,True,False,0.6754,209,673,425,912,317,792,100.0,0.0,False,True,PLACING,
354,11.800,True,2,459,61,720,923,720,509,585,543,True,False,0.6162,204,673,425,913,314,793,99.6,0.4,False,True,PLACED,PLACING -> PLACED
355,11.833,True,2,473,62,720,928,705,510,599,542,True,False,0.6080,202,674,425,913,313,793,99.6,0.4,False,True,PLACED,
356,11.867,True,2,488,65,720,936,699,512,609,541,True,False,0.5995,200,674,424,914,312,794,99.2,0.8,False,True,PLACED,
357,11.900,True,2,510,68,720,944,676,518,620,533,True,False,0.5715,200,675,423,914,311,794,99.2,0.8,False,True,PLACED,
358,11.933,True,2,541,140,720,947,670,523,631,531,True,False,0.5601,201,676,423,915,312,795,98.7,1.3,False,True,PLACED,
359,11.967,True,2,565,184,720,959,659,520,640,532,True,False,0.5245,203,676,423,916,313,796,98.3,1.7,False,True,PLACED,
360,12.000,True,2,578,198,720,968,669,515,654,527,True,False,0.5354,207,676,423,916,315,796,98.3,1.7,False,True,PLACED,
361,12.033,True,2,588,208,720,968,667,523,661,530,True,False,0.5610,223,677,420,916,321,796,98.3,1.7,False,True,PLACED,
362,12.067,False,,,,,,,,,,True,False,0.5518,222,677,418,916,320,796,98.3,1.7,False,True,PLACED,
363,12.100,False,,,,,,,,,,True,False,0.5578,219,678,419,917,319,797,97.9,2.1,False,True,PLACED,
364,12.133,False,,,,,,,,,,True,False,0.5651,214,678,420,917,317,797,97.9,2.1,False,True,PLACED,
365,12.167,False,,,,,,,,,,True,False,0.5831,213,678,419,918,316,798,97.5,2.5,False,True,PLACED,
366,12.200,False,,,,,,,,,,True,False,0.5287,217,679,418,918,317,798,97.5,2.5,False,True,PLACED,
367,12.233,False,,,,,,,,,,True,False,0.5369,216,679,419,919,317,799,97.1,2.9,False,True,PLACED,
368,12.267,False,,,,,,,,,,True,False,0.5163,221,679,416,918,318,798,97.5,2.5,False,True,PLACED,
369,12.300,False,,,,,,,,,,True,False,0.5207,217,680,419,920,318,800,96.7,3.3,False,True,PLACED,
370,12.333,False,,,,,,,,,,True,False,0.5160,217,680,419,920,318,800,96.7,3.3,False,True,PLACED,
371,12.367,False,,,,,,,,,,True,False,0.4936,220,680,418,920,319,800,96.7,3.3,False,True,PLACED,
372,12.400,False,,,,,,,,,,True,False,0.4961,221,681,418,920,319,800,96.7,3.3,False,True,PLACED,
373,12.433,False,,,,,,,,,,True,False,0.5104,222,681,419,920,320,800,96.7,3.3,False,True,PLACED,
374,12.467,False,,,,,,,,,,True,False,0.4956,222,680,416,919,319,799,97.1,2.9,False,True,PLACED,
375,12.500,False,,,,,,,,,,True,False,0.4954,222,680,416,919,319,799,97.1,2.9,False,True,PLACED,
376,12.533,False,,,,,,,,,,True,False,0.5098,221,681,418,921,319,801,96.2,3.8,False,True,PLACED,
377,12.567,False,,,,,,,,,,True,False,0.5019,221,681,418,921,319,801,96.2,3.8,False,True,PLACED,
378,12.600,False,,,,,,,,,,True,False,0.5680,220,681,418,921,319,801,96.2,3.8,False,True,PLACED,
379,12.633,False,,,,,,,,,,True,False,0.5632,219,681,418,921,318,801,96.2,3.8,False,True,PLACED,
380,12.667,False,,,,,,,,,,True,False,0.5433,219,681,418,921,318,801,96.2,3.8,False,True,PLACED,
381,12.700,False,,,,,,,,,,True,False,0.5368,218,682,418,921,318,801,96.2,3.8,False,True,PLACED,
382,12.733,False,,,,,,,,,,True,False,0.5363,219,682,419,922,319,802,95.8,4.2,False,True,PLACED,
383,12.767,False,,,,,,,,,,True,False,0.5459,218,682,419,922,318,802,95.8,4.2,False,True,PLACED,
384,12.800,False,,,,,,,,,,True,False,0.5553,218,683,418,922,318,802,95.8,4.2,False,True,PLACED,
385,12.833,False,,,,,,,,,,True,False,0.5500,216,683,419,922,317,802,95.8,4.2,False,True,PLACED,
386,12.867,False,,,,,,,,,,True,False,0.5396,215,683,418,922,316,802,95.8,4.2,False,True,PLACED,
387,12.900,False,,,,,,,,,,True,False,0.5324,214,683,418,922,316,802,95.8,4.2,False,True,PLACED,
388,12.933,False,,,,,,,,,,True,False,0.5566,216,683,418,922,317,802,95.8,4.2,False,True,PLACED,
389,12.967,False,,,,,,,,,,True,False,0.5764,214,683,418,922,316,802,95.8,4.2,False,True,PLACED,
390,13.000,False,,,,,,,,,,True,False,0.5740,217,684,419,923,318,803,95.4,4.6,False,True,PLACED,
391,13.033,False,,,,,,,,,,True,False,0.6080,220,684,418,923,319,803,95.4,4.6,False,True,PLACED,
392,13.067,False,,,,,,,,,,True,False,0.6110,220,684,418,923,319,803,95.4,4.6,False,True,PLACED,
393,13.100,False,,,,,,,,,,True,False,0.6099,220,684,419,923,319,803,95.4,4.6,False,True,PLACED,
394,13.133,False,,,,,,,,,,True,False,0.6123,220,684,419,923,319,803,95.4,4.6,False,True,PLACED,
395,13.167,False,,,,,,,,,,True,False,0.6279,220,684,420,924,320,804,95.0,5.0,False,True,PLACED,
396,13.200,False,,,,,,,,,,True,False,0.6140,220,684,420,924,320,804,95.0,5.0,False,True,PLACED,
