frame,timestamp,num_persons_visible,backpack_id,backpack_state,event,backpack_confidence,backpack_from_memory,backpack_x1,backpack_y1,backpack_x2,backpack_y2,backpack_roi_overlap_pct,roi_value,wrist_inside_roi,backpack_inside_roi,owner_person_id
1,0.033,0,1,PLACED,,0.6708,False,405,618,563,815,100.0,0.0,False,True,
1,0.033,0,2,PLACED,,0.5202,False,254,640,392,806,100.0,0.0,False,True,
2,0.067,0,1,PLACED,,0.6815,False,405,619,563,815,100.0,0.0,False,True,
2,0.067,0,2,PLACED,,0.4899,False,254,640,392,806,100.0,0.0,False,True,
3,0.100,0,1,PLACED,,0.6758,False,406,619,563,815,100.0,0.0,False,True,
3,0.100,0,2,PLACED,,0.5006,False,254,640,392,807,100.0,0.0,False,True,
4,0.133,0,1,PLACED,,0.7003,False,405,620,563,816,100.0,0.0,False,True,
4,0.133,0,2,PLACED,,0.5253,False,255,640,394,807,100.0,0.0,False,True,
5,0.167,0,1,PLACED,,0.6965,False,405,620,563,816,100.0,0.0,False,True,
5,0.167,0,2,PLACED,,0.5225,False,256,640,395,808,100.0,0.0,False,True,
6,0.200,0,1,PLACED,,0.6745,False,405,620,563,816,100.0,0.0,False,True,
6,0.200,0,2,PLACED,,0.4722,False,256,640,395,808,100.0,0.0,False,True,
7,0.233,0,1,PLACED,,0.6708,False,404,620,563,817,100.0,0.0,False,True,
7,0.233,0,2,PLACED,,0.4461,False,257,641,396,808,100.0,0.0,False,True,
8,0.267,0,1,PLACED,,0.6766,False,404,620,563,817,100.0,0.0,False,True,
8,0.267,0,2,PLACED,,0.4568,False,257,641,396,809,100.0,0.0,False,True,
9,0.300,0,1,PLACED,,0.6769,False,404,620,563,817,100.0,0.0,False,True,
9,0.300,0,2,PLACED,,0.4500,False,258,641,396,809,100.0,0.0,False,True,
10,0.333,0,1,PLACED,,0.6682,False,404,620,563,817,100.0,0.0,False,True,
10,0.333,0,2,PLACED,,0.4492,False,258,641,396,809,100.0,0.0,False,True,
11,0.367,0,1,PLACED,,0.6649,False,404,620,562,817,100.0,0.0,False,True,
11,0.367,0,2,PLACED,,0.4577,False,258,641,396,809,100.0,0.0,False,True,
12,0.400,0,1,PLACED,,0.6585,False,404,620,563,817,100.0,0.0,False,True,
12,0.400,0,2,PLACED,,0.4425,False,258,641,396,809,100.0,0.0,False,True,
13,0.433,0,1,PLACED,,0.6691,False,404,620,563,817,100.0,0.0,False,True,
13,0.433,0,2,PLACED,,0.4494,False,258,641,395,810,100.0,0.0,False,True,
14,0.467,0,1,PLACED,,0.6447,False,404,621,563,817,100.0,0.0,False,True,
14,0.467,0,2,PLACED,,0.4305,False,258,641,395,810,100.0,0.0,False,True,
15,0.500,0,1,PLACED,,0.6449,False,404,621,562,818,100.0,0.0,False,True,
15,0.500,0,2,PLACED,,0.4265,False,258,641,395,810,100.0,0.0,False,True,
16,0.533,0,1,PLACED,,0.6612,False,404,621,562,818,100.0,0.0,False,True,
16,0.533,0,2,PLACED,,0.4187,False,258,641,395,810,100.0,0.0,False,True,
17,0.567,0,1,PLACED,,0.6585,False,404,621,562,818,100.0,0.0,False,True,
17,0.567,0,2,PLACED,,0.4300,False,258,642,395,810,100.0,0.0,False,True,
18,0.600,0,1,PLACED,,0.6677,False,404,621,562,818,100.0,0.0,False,True,
18,0.600,0,2,PLACED,,0.4458,False,258,642,394,810,100.0,0.0,False,True,
19,0.633,0,1,PLACED,,0.6750,False,404,621,562,818,100.0,0.0,False,True,
19,0.633,0,2,PLACED,,0.4556,False,258,642,394,811,100.0,0.0,False,True,
20,0.667,0,1,PLACED,,0.6738,False,404,621,562,819,100.0,0.0,False,True,
20,0.667,0,2,PLACED,,0.4800,False,257,642,393,811,100.0,0.0,False,True,
21,0.700,0,1,PLACED,,0.6827,False,404,621,562,819,100.0,0.0,False,True,
21,0.700,0,2,PLACED,,0.4637,False,257,642,393,811,100.0,0.0,False,True,
22,0.733,0,1,PLACED,,0.6746,False,403,622,562,819,100.0,0.0,False,True,
22,0.733,0,2,PLACED,,0.4414,False,257,642,393,811,100.0,0.0,False,True,
23,0.767,0,1,PLACED,,0.6911,False,403,622,561,819,100.0,0.0,False,True,
23,0.767,0,2,PLACED,,0.4135,False,258,642,393,811,100.0,0.0,False,True,
24,0.800,0,1,PLACED,,0.7027,False,403,622,561,820,100.0,0.0,False,True,
24,0.800,0,2,PLACED,,0.4243,False,259,642,394,811,100.0,0.0,False,True,
25,0.833,0,1,PLACED,,0.6929,False,403,622,561,820,100.0,0.0,False,True,
25,0.833,0,2,PLACED,,0.4103,False,259,643,394,811,100.0,0.0,False,True,
26,0.867,0,1,PLACED,,0.6855,False,403,622,561,820,100.0,0.0,False,True,
26,0.867,0,2,PLACED,,0.4027,False,259,643,393,811,100.0,0.0,False,True,
27,0.900,0,1,PLACED,,0.6905,False,403,622,561,820,100.0,0.0,False,True,
27,0.900,0,2,PLACED,,0.3619,False,259,643,393,811,100.0,0.0,False,True,
28,0.933,0,1,PLACED,,0.6974,False,403,623,561,820,100.0,0.0,False,True,
28,0.933,0,2,PLACED,,0.3484,False,259,643,393,811,100.0,0.0,False,True,
29,0.967,0,1,PLACED,,0.6845,False,403,623,561,820,100.0,0.0,False,True,
29,0.967,0,2,PLACED,,0.3581,False,259,643,393,811,100.0,0.0,False,True,
30,1.000,0,1,PLACED,,0.6698,False,403,623,561,820,100.0,0.0,False,True,
30,1.000,0,2,PLACED,,0.3764,False,259,643,393,811,100.0,0.0,False,True,
31,1.033,0,1,PLACED,,0.6531,False,403,623,560,820,100.0,0.0,False,True,
31,1.033,0,2,PLACED,,0.4286,False,258,643,392,811,100.0,0.0,False,True,
32,1.067,0,1,PLACED,,0.6557,False,403,623,560,820,100.0,0.0,False,True,
32,1.067,0,2,PLACED,,0.4283,False,257,643,392,811,100.0,0.0,False,True,
33,1.100,0,1,PLACED,,0.6542,False,403,623,560,820,100.0,0.0,False,True,
33,1.100,0,2,PLACED,,0.4267,False,257,643,392,811,100.0,0.0,False,True,
34,1.133,0,1,PLACED,,0.6501,False,403,623,560,820,100.0,0.0,False,True,
34,1.133,0,2,PLACED,,0.4256,False,257,643,392,811,100.0,0.0,False,True,
35,1.167,0,1,PLACED,,0.6319,False,403,622,560,819,100.0,0.0,False,True,
35,1.167,0,2,PLACED,,0.4110,False,257,642,392,811,100.0,0.0,False,True,
36,1.200,0,1,PLACED,,0.6342,False,402,622,560,819,100.0,0.0,False,True,
36,1.200,0,2,PLACED,,0.4185,False,257,642,392,811,100.0,0.0,False,True,
37,1.233,0,1,PLACED,,0.6089,False,402,622,559,819,100.0,0.0,False,True,
37,1.233,0,2,PLACED,,0.4049,False,256,642,391,811,100.0,0.0,False,True,
38,1.267,0,1,PLACED,,0.6130,False,402,622,559,819,100.0,0.0,False,True,
38,1.267,0,2,PLACED,,0.4185,False,257,642,392,810,100.0,0.0,False,True,
39,1.300,0,1,PLACED,,0.6040,False,402,622,559,818,100.0,0.0,False,True,
39,1.300,0,2,PLACED,,0.4017,False,257,642,392,810,100.0,0.0,False,True,
40,1.333,0,1,PLACED,,0.5866,False,402,622,559,818,100.0,0.0,False,True,
40,1.333,0,2,PLACED,,0.3943,False,257,642,392,810,100.0,0.0,False,True,
41,1.367,1,1,PLACED,,0.5772,False,402,622,559,817,100.0,0.0,False,True,
41,1.367,1,2,PLACED,,0.3880,False,256,641,391,810,100.0,0.0,False,True,
42,1.400,1,1,PLACED,,0.5924,False,402,621,559,817,100.0,0.0,False,True,
42,1.400,1,2,PLACED,,0.3926,False,256,641,391,810,100.0,0.0,False,True,
43,1.433,1,1,PLACED,,0.6024,False,402,621,559,817,100.0,0.0,False,True,
43,1.433,1,2,PLACED,,0.3940,False,256,641,391,809,100.0,0.0,False,True,
44,1.467,1,1,PLACED,,0.5862,False,402,621,558,817,100.0,0.0,False,True,
44,1.467,1,2,PLACED,,0.4043,False,256,641,391,809,100.0,0.0,False,True,
45,1.500,1,1,PLACED,,0.5716,False,401,620,558,817,100.0,0.0,False,True,
45,1.500,1,2,PLACED,,0.4186,False,256,640,391,809,100.0,0.0,False,True,
46,1.533,2,1,PLACED,,0.5858,False,402,620,559,817,100.0,0.0,False,True,
46,1.533,2,2,PLACED,,0.4257,False,256,640,391,809,100.0,0.0,False,True,
47,1.567,2,1,PLACED,,0.5626,False,402,620,559,817,100.0,0.0,False,True,
47,1.567,2,2,PLACED,,0.4474,False,256,640,391,809,100.0,0.0,False,True,
48,1.600,2,1,PLACED,,0.5973,False,402,620,559,816,100.0,0.0,False,True,
48,1.600,2,2,PLACED,,0.4786,False,255,640,390,809,100.0,0.0,False,True,
49,1.633,2,1,PLACED,,0.5946,False,402,620,558,816,100.0,0.0,False,True,
49,1.633,2,2,PLACED,,0.4545,False,254,640,389,808,100.0,0.0,False,True,
50,1.667,2,1,PLACED,,0.6000,False,402,619,558,816,100.0,0.0,False,True,
50,1.667,2,2,PLACED,,0.4479,False,253,639,389,808,100.0,0.0,False,True,
51,1.700,2,1,PLACED,,0.5983,False,402,619,558,816,100.0,0.0,True,True,
51,1.700,2,2,PLACED,,0.4520,False,254,639,389,808,100.0,0.0,False,True,
52,1.733,2,1,PLACED,,0.5831,False,402,619,558,816,100.0,0.0,True,True,
52,1.733,2,2,PLACED,,0.4661,False,255,639,391,808,100.0,0.0,False,True,
53,1.767,2,1,PLACED,,0.6133,False,402,619,558,816,100.0,0.0,True,True,
53,1.767,2,2,PLACED,,0.4771,False,253,639,389,807,100.0,0.0,False,True,
54,1.800,2,1,PLACED,,0.6022,False,402,618,558,815,100.0,0.0,True,True,
54,1.800,2,2,PLACED,,0.4823,False,254,639,389,807,100.0,0.0,False,True,
55,1.833,2,1,PLACED,,0.6093,False,402,618,558,815,100.0,0.0,True,True,
55,1.833,2,2,PLACED,,0.4839,False,255,639,390,807,100.0,0.0,False,True,
56,1.867,2,1,PICKING,Backpack 1: PLACED -> PICKING,0.5838,False,401,618,558,815,100.0,0.0,True,True,
56,1.867,2,2,PLACED,,0.4663,False,253,639,388,806,100.0,0.0,False,True,
57,1.900,2,1,PICKING,,0.5811,False,401,618,557,815,100.0,0.0,True,True,
57,1.900,2,2,PLACED,,0.4818,False,253,639,388,806,100.0,0.0,False,True,
58,1.933,2,1,PICKING,,0.5928,False,401,618,557,815,100.0,0.0,True,True,
58,1.933,2,2,PLACED,,0.4784,False,252,639,387,806,100.0,0.0,False,True,
59,1.967,2,1,PICKING,,0.5857,False,400,617,557,815,100.0,0.0,True,True,
59,1.967,2,2,PLACED,,0.4813,False,252,639,388,806,100.0,0.0,False,True,
60,2.000,2,1,PICKING,,0.6042,False,400,616,557,815,100.0,0.0,True,True,
60,2.000,2,2,PLACED,,0.4797,False,253,639,388,806,100.0,0.0,False,True,
61,2.033,2,1,PICKING,,0.5807,False,400,616,556,815,100.0,0.0,True,True,
61,2.033,2,2,PLACED,,0.4550,False,249,638,386,805,100.0,0.0,False,True,
62,2.067,2,1,PICKING,,0.5364,False,400,616,556,815,100.0,0.0,True,True,
62,2.067,2,2,PLACED,,0.4668,False,247,638,385,806,100.0,0.0,False,True,
63,2.100,2,1,PICKING,,0.4718,False,400,617,555,814,100.0,0.0,True,True,
63,2.100,2,2,PLACED,,0.4073,False,248,638,386,805,100.0,0.0,True,True,
64,2.133,2,1,PICKING,,0.4077,False,401,617,555,814,100.0,0.0,True,True,
64,2.133,2,2,PLACED,,0.3862,False,249,638,387,805,100.0,0.0,True,True,
65,2.167,2,1,PICKING,,0.3797,False,401,619,553,813,100.0,0.0,True,True,
65,2.167,2,2,PLACED,,0.3599,False,249,638,387,805,100.0,0.0,True,True,
66,2.200,2,1,PICKING,,,True,419,581,571,775,100.0,0.0,True,True,
66,2.200,2,2,PLACED,,,True,426,581,564,748,26.1,73.9,True,False,
67,2.233,2,1,PICKING,,,True,418,589,570,783,100.0,0.0,True,True,
67,2.233,2,2,PLACED,,,True,425,589,563,756,26.8,73.2,True,False,
68,2.267,2,1,PICKING,,0.3714,False,402,624,552,813,100.0,0.0,True,True,
68,2.267,2,2,PLACED,,,True,425,595,563,762,26.8,73.2,True,False,
69,2.300,2,1,PICKING,,,True,418,595,568,784,100.0,0.0,True,True,
69,2.300,2,2,PLACED,,,True,424,595,562,762,27.5,72.5,True,False,
70,2.333,2,1,PICKING,,0.3575,False,403,625,553,813,100.0,0.0,True,True,
70,2.333,2,2,PLACED,,,True,427,594,565,761,25.4,74.6,True,False,
71,2.367,2,1,PICKING,,0.3850,False,403,625,553,814,100.0,0.0,True,True,
71,2.367,2,2,PLACED,,,True,428,592,566,759,24.6,75.4,True,False,
72,2.400,2,1,PICKING,,0.3431,False,403,624,554,814,100.0,0.0,True,True,
72,2.400,2,2,PLACED,,,True,429,592,567,759,23.9,76.1,True,False,
73,2.433,2,1,PICKING,,0.4048,False,403,623,555,814,100.0,0.0,True,True,
73,2.433,2,2,PLACED,,,True,428,594,566,761,24.6,75.4,True,False,
74,2.467,2,1,PICKING,,0.4677,False,401,621,555,814,100.0,0.0,True,True,
74,2.467,2,2,PLACED,,,True,431,589,569,756,22.5,77.5,True,False,
75,2.500,2,1,PICKING,,0.4311,False,401,617,558,814,100.0,0.0,True,True,
75,2.500,2,2,PLACED,,,True,432,588,570,755,21.7,78.3,True,False,
76,2.533,2,1,PICKING,,,True,423,590,579,787,100.0,0.0,True,True,
76,2.533,2,2,PLACED,,,True,432,590,570,757,21.7,78.3,True,False,
77,2.567,2,1,PICKING,,,True,425,583,581,780,100.0,0.0,True,True,
77,2.567,2,2,PLACED,,,True,434,583,572,750,20.3,79.7,True,False,
78,2.600,2,1,PICKING,,,True,428,577,584,774,100.0,0.0,True,True,
78,2.600,2,2,PLACED,,,True,437,577,575,744,18.1,81.9,True,False,
79,2.633,2,1,PICKING,,,True,430,577,586,774,100.0,0.0,True,True,
79,2.633,2,2,PLACED,,,True,439,577,577,744,16.7,83.3,True,False,
80,2.667,2,1,PICKING,,,True,428,575,584,772,100.0,0.0,True,True,
80,2.667,2,2,PLACED,,,True,437,575,575,742,18.1,81.9,True,False,
81,2.700,2,1,PICKING,,,True,428,570,584,767,100.0,0.0,True,True,
81,2.700,2,2,PLACED,,,True,437,570,575,737,18.1,81.9,True,False,
82,2.733,2,1,PICKING,,,True,434,574,590,771,100.0,0.0,True,True,
82,2.733,2,2,PLACED,,,True,443,574,581,741,13.8,86.2,True,False,
83,2.767,2,1,PICKING,,,True,439,563,595,760,100.0,0.0,True,True,
83,2.767,2,2,PLACED,,,True,448,563,586,730,10.1,89.9,True,False,
84,2.800,2,1,PICKING,,,True,443,550,599,747,100.0,0.0,True,True,
84,2.800,2,2,PLACED,,,True,452,550,590,717,7.2,92.8,True,False,
85,2.833,2,1,PICKING,,,True,448,540,604,737,100.0,0.0,True,True,
85,2.833,2,2,PLACED,,,True,457,540,595,707,3.6,96.4,True,False,
86,2.867,2,1,PICKING,,,True,450,529,606,726,100.0,0.0,True,True,
86,2.867,2,2,PLACED,,,True,459,529,597,696,2.2,97.8,True,False,
87,2.900,2,1,PICKING,,,True,454,528,610,725,100.0,0.0,True,True,
87,2.900,2,2,PLACED,,,True,463,528,601,695,0.0,100.0,True,False,
88,2.933,2,1,PICKING,,,True,456,523,612,720,100.0,0.0,True,True,
88,2.933,2,2,PLACED,,,True,465,523,603,690,0.0,100.0,True,False,
89,2.967,2,1,PICKING,,,True,461,520,617,717,100.0,0.0,True,True,
89,2.967,2,2,PLACED,,,True,470,520,608,687,0.0,100.0,True,False,
90,3.000,2,1,PICKING,,,True,466,514,622,711,100.0,0.0,True,True,
90,3.000,2,2,PLACED,,,True,475,514,613,681,0.0,100.0,True,False,
91,3.033,2,1,PICKING,,,True,473,515,629,712,100.0,0.0,True,True,
91,3.033,2,2,PLACED,,,True,482,515,620,682,0.0,100.0,True,False,
92,3.067,2,1,PICKING,,0.4307,False,452,547,612,776,100.0,0.0,True,True,
92,3.067,2,2,PLACED,,,True,484,510,622,677,0.0,100.0,True,False,
93,3.100,2,1,PICKING,,,True,475,516,635,745,98.8,1.2,True,True,
93,3.100,2,2,PLACED,,,True,486,516,624,683,0.0,100.0,True,False,
94,3.133,2,1,PICKING,,,True,481,505,641,734,95.0,5.0,True,True,
94,3.133,2,2,PLACED,,,True,492,505,630,672,0.0,100.0,True,False,
95,3.167,2,1,PICKING,,,True,484,504,644,733,93.1,6.9,True,True,
95,3.167,2,2,PLACED,,,True,495,504,633,671,0.0,100.0,True,False,
96,3.200,2,1,PICKING,,0.3756,False,466,533,626,764,100.0,0.0,True,True,
96,3.200,2,2,PLACED,,,True,500,501,638,668,0.0,100.0,True,False,
97,3.233,2,1,PICKING,,,True,493,505,653,736,87.5,12.5,True,True,
97,3.233,2,2,PLACED,,,True,504,505,642,672,0.0,100.0,True,False,
98,3.267,2,1,PICKING,,,True,499,500,659,731,83.8,16.2,True,True,
98,3.267,2,2,PLACED,,,True,510,500,648,667,0.0,100.0,True,False,
99,3.300,2,1,PICKING,,,True,503,505,663,736,81.2,18.8,True,True,
99,3.300,2,2,PLACED,,,True,514,505,652,672,0.0,100.0,True,False,
100,3.333,2,1,PICKING,,,True,509,501,669,732,77.5,22.5,True,True,
100,3.333,2,2,PLACED,,,True,520,501,658,668,0.0,100.0,True,False,
101,3.367,2,1,PICKING,,,True,518,499,678,730,71.9,28.1,True,True,
101,3.367,2,2,PLACED,,,True,529,499,667,666,0.0,100.0,True,False,
102,3.400,2,1,PICKING,,,True,524,498,684,729,68.1,31.9,True,True,
102,3.400,2,2,PLACED,,,True,535,498,673,665,0.0,100.0,True,False,
103,3.433,2,1,PICKING,,,True,530,495,690,726,64.4,35.6,True,True,
103,3.433,2,2,PLACED,,,True,541,495,679,662,0.0,100.0,True,False,
104,3.467,2,1,PICKING,,,True,537,499,697,730,60.0,40.0,True,True,
104,3.467,2,2,PLACED,,,True,548,499,686,666,0.0,100.0,True,False,
105,3.500,2,1,PICKING,,,True,544,498,704,729,55.6,44.4,True,True,
105,3.500,2,2,PLACED,,,True,555,498,693,665,0.0,100.0,True,False,
106,3.533,2,1,PICKING,,,True,548,496,708,727,53.1,46.9,True,True,
106,3.533,2,2,PLACED,,,True,559,496,697,663,0.0,100.0,True,False,
107,3.567,2,1,PICKING,,,True,554,493,714,724,49.4,50.6,True,True,
107,3.567,2,2,PLACED,,,True,565,493,703,660,0.0,100.0,True,False,
108,3.600,2,1,PICKING,,,True,567,489,727,720,41.2,58.8,True,True,
108,3.600,2,2,PLACED,,,True,578,489,716,656,0.0,100.0,True,False,
109,3.633,2,1,PICKING,,,True,568,495,728,726,40.6,59.4,True,True,
109,3.633,2,2,PLACED,,,True,579,495,717,662,0.0,100.0,True,False,
110,3.667,2,1,PICKING,,,True,578,492,738,723,34.4,65.6,False,False,
110,3.667,2,2,PLACED,,,True,589,492,727,659,0.0,100.0,True,False,
111,3.700,2,1,PICKING,,,True,585,492,745,723,30.0,70.0,False,False,
111,3.700,2,2,PLACED,,,False,,,,,0.0,100.0,True,False,
112,3.733,1,1,PICKING,,,True,585,492,745,723,30.0,70.0,False,False,
112,3.733,1,2,PLACED,,,False,,,,,0.0,100.0,False,False,
113,3.767,1,1,PICKING,,,True,585,492,745,723,30.0,70.0,False,False,
113,3.767,1,2,PLACED,,,False,,,,,0.0,100.0,False,False,
114,3.800,1,1,PICKING,,,True,585,492,745,723,30.0,70.0,False,False,
114,3.800,1,2,PLACED,,,False,,,,,0.0,100.0,False,False,
115,3.833,1,1,PICKED,Backpack 1: PICKING -> PICKED,,True,585,492,745,723,30.0,70.0,False,False,2
115,3.833,1,2,PLACED,,,False,,,,,0.0,100.0,False,False,
116,3.867,1,1,PICKED,,,True,585,492,745,723,30.0,70.0,False,False,2
116,3.867,1,2,PLACED,,,False,,,,,0.0,100.0,False,False,
117,3.900,1,1,PICKED,,,True,585,492,745,723,30.0,70.0,False,False,2
117,3.900,1,2,PLACED,,,False,,,,,0.0,100.0,False,False,
118,3.933,1,1,PICKED,,,True,585,492,745,723,30.0,70.0,False,False,2
118,3.933,1,2,PLACED,,,False,,,,,0.0,100.0,False,False,
119,3.967,1,1,PICKED,,,True,585,492,745,723,30.0,70.0,False,False,2
119,3.967,1,2,PLACED,,,False,,,,,0.0,100.0,False,False,
120,4.000,1,1,PICKED,,,True,585,492,745,723,30.0,70.0,False,False,2
120,4.000,1,2,PLACED,,,False,,,,,0.0,100.0,False,False,
121,4.033,1,1,PICKED,,,True,585,492,745,723,30.0,70.0,False,False,2
121,4.033,1,2,PLACED,,,False,,,,,0.0,100.0,False,False,
122,4.067,1,1,PICKED,,,True,585,492,745,723,30.0,70.0,False,False,2
122,4.067,1,2,PLACED,,,False,,,,,0.0,100.0,False,False,
123,4.100,1,1,PICKED,,,True,585,492,745,723,30.0,70.0,False,False,2
123,4.100,1,2,PLACED,,,False,,,,,0.0,100.0,False,False,
124,4.133,1,1,PICKED,,,True,585,492,745,723,30.0,70.0,False,False,2
124,4.133,1,2,PLACED,,,False,,,,,0.0,100.0,False,False,
125,4.167,1,1,PICKED,,,True,585,492,745,723,30.0,70.0,False,False,2
125,4.167,1,2,PLACED,,,False,,,,,0.0,100.0,False,False,
126,4.200,1,1,PICKED,,,True,585,492,745,723,30.0,70.0,False,False,2
126,4.200,1,2,PLACED,,,False,,,,,0.0,100.0,False,False,
127,4.233,1,1,PICKED,,,True,585,492,745,723,30.0,70.0,False,False,2
127,4.233,1,2,PLACED,,,False,,,,,0.0,100.0,False,False,
128,4.267,1,1,PICKED,,,True,585,492,745,723,30.0,70.0,False,False,2
128,4.267,1,2,PLACED,,,False,,,,,0.0,100.0,False,False,
129,4.300,1,1,PICKED,,,True,585,492,745,723,30.0,70.0,False,False,2
129,4.300,1,2,PLACED,,,False,,,,,0.0,100.0,False,False,
130,4.333,1,1,PERSON LEAVES,Backpack 1: PICKED -> PERSON LEAVES,,True,585,492,745,723,30.0,70.0,False,False,2
130,4.333,1,2,PLACED,,,False,,,,,0.0,100.0,False,False,
131,4.367,1,1,PERSON LEAVES,,,True,585,492,745,723,30.0,70.0,False,False,2
131,4.367,1,2,PLACED,,,False,,,,,0.0,100.0,False,False,
132,4.400,1,1,PERSON LEAVES,,,True,585,492,745,723,30.0,70.0,False,False,2
132,4.400,1,2,PLACED,,,False,,,,,0.0,100.0,False,False,
133,4.433,1,1,PERSON LEAVES,,,True,585,492,745,723,30.0,70.0,False,False,2
133,4.433,1,2,PLACED,,,False,,,,,0.0,100.0,False,False,
134,4.467,1,1,PERSON LEAVES,,,True,585,492,745,723,30.0,70.0,False,False,2
134,4.467,1,2,PLACED,,,False,,,,,0.0,100.0,False,False,
135,4.500,1,1,PERSON LEAVES,,,True,585,492,745,723,30.0,70.0,False,False,2
135,4.500,1,2,PLACED,,,False,,,,,0.0,100.0,False,False,
136,4.533,1,1,PERSON LEAVES,,,True,585,492,745,723,30.0,70.0,False,False,2
136,4.533,1,2,PLACED,,,False,,,,,0.0,100.0,False,False,
137,4.567,1,1,PERSON LEAVES,,,True,585,492,745,723,30.0,70.0,False,False,2
137,4.567,1,2,PLACED,,,False,,,,,0.0,100.0,False,False,
138,4.600,1,1,PERSON LEAVES,,,True,585,492,745,723,30.0,70.0,False,False,2
138,4.600,1,2,PLACED,,,False,,,,,0.0,100.0,False,False,
139,4.633,1,1,PERSON LEAVES,,,True,585,492,745,723,30.0,70.0,False,False,2
139,4.633,1,2,PLACED,,,False,,,,,0.0,100.0,False,False,
140,4.667,1,1,PERSON LEAVES,,,True,585,492,745,723,30.0,70.0,False,False,2
140,4.667,1,2,PLACED,,,False,,,,,0.0,100.0,False,False,
141,4.700,1,1,PERSON LEAVES,,,True,585,492,745,723,30.0,70.0,False,False,2
141,4.700,1,2,PLACED,,,False,,,,,0.0,100.0,False,False,
142,4.733,0,1,PERSON LEAVES,,,False,,,,,0.0,100.0,False,False,2
142,4.733,0,2,PLACED,,,False,,,,,0.0,100.0,False,False,
143,4.767,0,1,PERSON LEAVES,,,False,,,,,0.0,100.0,False,False,2
143,4.767,0,2,PLACED,,,False,,,,,0.0,100.0,False,False,
144,4.800,0,1,PERSON LEAVES,,,False,,,,,0.0,100.0,False,False,2
144,4.800,0,2,PLACED,,,False,,,,,0.0,100.0,False,False,
145,4.833,0,1,PERSON LEAVES,,,False,,,,,0.0,100.0,False,False,2
145,4.833,0,2,PLACED,,,False,,,,,0.0,100.0,False,False,
146,4.867,0,1,PERSON LEAVES,,,False,,,,,0.0,100.0,False,False,2
146,4.867,0,2,PLACED,,,False,,,,,0.0,100.0,False,False,
147,4.900,0,1,PERSON LEAVES,,,False,,,,,0.0,100.0,False,False,2
147,4.900,0,2,PLACED,,,False,,,,,0.0,100.0,False,False,
148,4.933,0,1,PERSON LEAVES,,,False,,,,,0.0,100.0,False,False,2
148,4.933,0,2,PLACED,,,False,,,,,0.0,100.0,False,False,
149,4.967,0,1,PERSON LEAVES,,,False,,,,,0.0,100.0,False,False,2
149,4.967,0,2,PLACED,,,False,,,,,0.0,100.0,False,False,
150,5.000,0,1,PERSON LEAVES,,,False,,,,,0.0,100.0,False,False,2
150,5.000,0,2,PLACED,,,False,,,,,0.0,100.0,False,False,
151,5.033,0,1,PERSON LEAVES,,,False,,,,,0.0,100.0,False,False,2
151,5.033,0,2,PLACED,,,False,,,,,0.0,100.0,False,False,
152,5.067,0,1,PERSON LEAVES,,,False,,,,,0.0,100.0,False,False,2
152,5.067,0,2,PLACED,,,False,,,,,0.0,100.0,False,False,
153,5.100,0,1,PERSON LEAVES,,,False,,,,,0.0,100.0,False,False,2
153,5.100,0,2,PLACED,,,False,,,,,0.0,100.0,False,False,
154,5.133,0,1,PERSON LEAVES,,,False,,,,,0.0,100.0,False,False,2
154,5.133,0,2,PLACED,,,False,,,,,0.0,100.0,False,False,
155,5.167,0,1,PERSON LEAVES,,,False,,,,,0.0,100.0,False,False,2
155,5.167,0,2,PLACED,,,False,,,,,0.0,100.0,False,False,
156,5.200,0,1,PERSON LEAVES,,,False,,,,,0.0,100.0,False,False,2
156,5.200,0,2,PLACED,,,False,,,,,0.0,100.0,False,False,
157,5.233,0,1,PERSON LEAVES,,,False,,,,,0.0,100.0,False,False,2
157,5.233,0,2,PLACED,,,False,,,,,0.0,100.0,False,False,
158,5.267,0,1,PERSON LEAVES,,,False,,,,,0.0,100.0,False,False,2
158,5.267,0,2,PLACED,,,False,,,,,0.0,100.0,False,False,
159,5.300,0,1,PERSON LEAVES,,,False,,,,,0.0,100.0,False,False,2
159,5.300,0,2,PLACED,,,False,,,,,0.0,100.0,False,False,
160,5.333,0,1,PERSON LEAVES,,,False,,,,,0.0,100.0,False,False,2
160,5.333,0,2,PLACED,,,False,,,,,0.0,100.0,False,False,
161,5.367,0,1,PERSON LEAVES,,,False,,,,,0.0,100.0,False,False,2
161,5.367,0,2,PLACED,,,False,,,,,0.0,100.0,False,False,
162,5.400,0,1,PERSON LEAVES,,,False,,,,,0.0,100.0,False,False,2
162,5.400,0,2,PLACED,,,False,,,,,0.0,100.0,False,False,
163,5.433,0,1,PERSON LEAVES,,,False,,,,,0.0,100.0,False,False,2
163,5.433,0,2,PLACED,,,False,,,,,0.0,100.0,False,False,
164,5.467,0,1,PERSON LEAVES,,,False,,,,,0.0,100.0,False,False,2
164,5.467,0,2,PLACED,,,False,,,,,0.0,100.0,False,False,
165,5.500,0,1,PERSON LEAVES,,,False,,,,,0.0,100.0,False,False,2
165,5.500,0,2,PLACED,,,False,,,,,0.0,100.0,False,False,
166,5.533,0,1,PERSON LEAVES,,,False,,,,,0.0,100.0,False,False,2
166,5.533,0,2,PLACED,,,False,,,,,0.0,100.0,False,False,
167,5.567,0,1,PERSON LEAVES,,,False,,,,,0.0,100.0,False,False,2
167,5.567,0,2,PLACED,,,False,,,,,0.0,100.0,False,False,
168,5.600,0,1,PERSON LEAVES,,,False,,,,,0.0,100.0,False,False,2
168,5.600,0,2,PLACED,,,False,,,,,0.0,100.0,False,False,
169,5.633,0,1,PERSON LEAVES,,,False,,,,,0.0,100.0,False,False,2
169,5.633,0,2,PLACED,,,False,,,,,0.0,100.0,False,False,
170,5.667,0,1,PERSON LEAVES,,,False,,,,,0.0,100.0,False,False,2
170,5.667,0,2,PLACED,,,False,,,,,0.0,100.0,False,False,
171,5.700,0,1,PERSON LEAVES,,,False,,,,,0.0,100.0,False,False,2
171,5.700,0,2,PLACED,,,False,,,,,0.0,100.0,False,False,
172,5.733,0,1,PERSON LEAVES,,,False,,,,,0.0,100.0,False,False,2
172,5.733,0,2,PLACED,,,False,,,,,0.0,100.0,False,False,
173,5.767,0,1,PERSON LEAVES,,,False,,,,,0.0,100.0,False,False,2
173,5.767,0,2,PLACED,,,False,,,,,0.0,100.0,False,False,
174,5.800,0,1,PERSON LEAVES,,,False,,,,,0.0,100.0,False,False,2
174,5.800,0,2,PLACED,,,False,,,,,0.0,100.0,False,False,
175,5.833,0,1,PERSON LEAVES,,,False,,,,,0.0,100.0,False,False,2
175,5.833,0,2,PLACED,,,False,,,,,0.0,100.0,False,False,
176,5.867,0,1,PERSON LEAVES,,,False,,,,,0.0,100.0,False,False,2
176,5.867,0,2,PLACED,,,False,,,,,0.0,100.0,False,False,
177,5.900,0,1,PERSON LEAVES,,,False,,,,,0.0,100.0,False,False,2
177,5.900,0,2,PLACED,,,False,,,,,0.0,100.0,False,False,
178,5.933,0,1,PERSON LEAVES,,,False,,,,,0.0,100.0,False,False,2
178,5.933,0,2,PLACED,,,False,,,,,0.0,100.0,False,False,
179,5.967,0,1,PERSON LEAVES,,,False,,,,,0.0,100.0,False,False,2
179,5.967,0,2,PLACED,,,False,,,,,0.0,100.0,False,False,
180,6.000,0,1,PERSON LEAVES,,,False,,,,,0.0,100.0,False,False,2
180,6.000,0,2,PLACED,,,False,,,,,0.0,100.0,False,False,
181,6.033,0,1,PERSON LEAVES,,,False,,,,,0.0,100.0,False,False,2
181,6.033,0,2,PLACED,,,False,,,,,0.0,100.0,False,False,
182,6.067,0,1,PERSON LEAVES,,,False,,,,,0.0,100.0,False,False,2
182,6.067,0,2,PLACED,,,False,,,,,0.0,100.0,False,False,
183,6.100,0,1,PERSON LEAVES,,,False,,,,,0.0,100.0,False,False,2
183,6.100,0,2,PLACED,,,False,,,,,0.0,100.0,False,False,
184,6.133,0,1,PERSON LEAVES,,,False,,,,,0.0,100.0,False,False,2
184,6.133,0,2,PLACED,,,False,,,,,0.0,100.0,False,False,
185,6.167,0,1,PERSON LEAVES,,,False,,,,,0.0,100.0,False,False,2
185,6.167,0,2,PLACED,,,False,,,,,0.0,100.0,False,False,
186,6.200,0,1,PERSON LEAVES,,,False,,,,,0.0,100.0,False,False,2
186,6.200,0,2,PLACED,,,False,,,,,0.0,100.0,False,False,
187,6.233,0,1,PERSON LEAVES,,,False,,,,,0.0,100.0,False,False,2
187,6.233,0,2,PLACED,,,False,,,,,0.0,100.0,False,False,
188,6.267,0,1,PERSON LEAVES,,,False,,,,,0.0,100.0,False,False,2
188,6.267,0,2,PLACED,,,False,,,,,0.0,100.0,False,False,
189,6.300,0,1,PERSON LEAVES,,,False,,,,,0.0,100.0,False,False,2
189,6.300,0,2,PLACED,,,False,,,,,0.0,100.0,False,False,
190,6.333,0,1,PERSON LEAVES,,,False,,,,,0.0,100.0,False,False,2
190,6.333,0,2,PLACED,,,False,,,,,0.0,100.0,False,False,
191,6.367,0,1,PERSON LEAVES,,,False,,,,,0.0,100.0,False,False,2
191,6.367,0,2,PLACED,,,False,,,,,0.0,100.0,False,False,
192,6.400,0,1,PERSON LEAVES,,,False,,,,,0.0,100.0,False,False,2
192,6.400,0,2,PLACED,,,False,,,,,0.0,100.0,False,False,
193,6.433,0,1,PERSON LEAVES,,,False,,,,,0.0,100.0,False,False,2
193,6.433,0,2,PLACED,,,False,,,,,0.0,100.0,False,False,
194,6.467,0,1,PERSON LEAVES,,,False,,,,,0.0,100.0,False,False,2
194,6.467,0,2,PLACED,,,False,,,,,0.0,100.0,False,False,
195,6.500,0,1,PERSON LEAVES,,,False,,,,,0.0,100.0,False,False,2
195,6.500,0,2,PLACED,,,False,,,,,0.0,100.0,False,False,
196,6.533,0,1,PERSON LEAVES,,,False,,,,,0.0,100.0,False,False,2
196,6.533,0,2,PLACED,,,False,,,,,0.0,100.0,False,False,
197,6.567,0,1,PERSON LEAVES,,,False,,,,,0.0,100.0,False,False,2
197,6.567,0,2,PLACED,,,False,,,,,0.0,100.0,False,False,
198,6.600,0,1,PERSON LEAVES,,,False,,,,,0.0,100.0,False,False,2
198,6.600,0,2,PLACED,,,False,,,,,0.0,100.0,False,False,
199,6.633,0,1,PERSON LEAVES,,,False,,,,,0.0,100.0,False,False,2
199,6.633,0,2,PLACED,,,False,,,,,0.0,100.0,False,False,
200,6.667,0,1,PERSON LEAVES,,,False,,,,,0.0,100.0,False,False,2
200,6.667,0,2,PLACED,,,False,,,,,0.0,100.0,False,False,
201,6.700,0,1,PERSON LEAVES,,,False,,,,,0.0,100.0,False,False,2
201,6.700,0,2,PLACED,,,False,,,,,0.0,100.0,False,False,
202,6.733,0,1,PERSON LEAVES,,,False,,,,,0.0,100.0,False,False,2
202,6.733,0,2,PLACED,,,False,,,,,0.0,100.0,False,False,
203,6.767,0,1,PERSON LEAVES,,,False,,,,,0.0,100.0,False,False,2
203,6.767,0,2,PLACED,,,False,,,,,0.0,100.0,False,False,
204,6.800,0,1,PERSON LEAVES,,,False,,,,,0.0,100.0,False,False,2
204,6.800,0,2,PLACED,,,False,,,,,0.0,100.0,False,False,
205,6.833,0,1,PERSON LEAVES,,,False,,,,,0.0,100.0,False,False,2
205,6.833,0,2,PLACED,,,False,,,,,0.0,100.0,False,False,
206,6.867,0,1,PERSON LEAVES,,,False,,,,,0.0,100.0,False,False,2
206,6.867,0,2,PLACED,,,False,,,,,0.0,100.0,False,False,
207,6.900,0,1,PERSON LEAVES,,,False,,,,,0.0,100.0,False,False,2
207,6.900,0,2,PLACED,,,False,,,,,0.0,100.0,False,False,
208,6.933,0,1,PERSON LEAVES,,,False,,,,,0.0,100.0,False,False,2
208,6.933,0,2,PLACED,,,False,,,,,0.0,100.0,False,False,
209,6.967,0,1,PERSON LEAVES,,,False,,,,,0.0,100.0,False,False,2
209,6.967,0,2,PLACED,,,False,,,,,0.0,100.0,False,False,
210,7.000,0,1,PERSON LEAVES,,,False,,,,,0.0,100.0,False,False,2
210,7.000,0,2,PLACED,,,False,,,,,0.0,100.0,False,False,
211,7.033,0,1,PERSON LEAVES,,,False,,,,,0.0,100.0,False,False,2
211,7.033,0,2,PLACED,,,False,,,,,0.0,100.0,False,False,
212,7.067,0,1,PERSON LEAVES,,,False,,,,,0.0,100.0,False,False,2
212,7.067,0,2,PLACED,,,False,,,,,0.0,100.0,False,False,
213,7.100,0,1,PERSON LEAVES,,,False,,,,,0.0,100.0,False,False,2
213,7.100,0,2,PLACED,,,False,,,,,0.0,100.0,False,False,
214,7.133,0,1,PERSON LEAVES,,,False,,,,,0.0,100.0,False,False,2
214,7.133,0,2,PLACED,,,False,,,,,0.0,100.0,False,False,
215,7.167,0,1,PERSON LEAVES,,,False,,,,,0.0,100.0,False,False,2
215,7.167,0,2,PLACED,,,False,,,,,0.0,100.0,False,False,
216,7.200,0,1,PERSON LEAVES,,,False,,,,,0.0,100.0,False,False,2
216,7.200,0,2,PLACED,,,False,,,,,0.0,100.0,False,False,
217,7.233,0,1,PERSON LEAVES,,,False,,,,,0.0,100.0,False,False,2
217,7.233,0,2,PLACED,,,False,,,,,0.0,100.0,False,False,
218,7.267,0,1,PERSON LEAVES,,,False,,,,,0.0,100.0,False,False,2
218,7.267,0,2,PLACED,,,False,,,,,0.0,100.0,False,False,
219,7.300,0,1,PERSON LEAVES,,,False,,,,,0.0,100.0,False,False,2
219,7.300,0,2,PLACED,,,False,,,,,0.0,100.0,False,False,
220,7.333,0,1,PERSON LEAVES,,,False,,,,,0.0,100.0,False,False,2
220,7.333,0,2,PLACED,,,False,,,,,0.0,100.0,False,False,
221,7.367,0,1,PERSON LEAVES,,,False,,,,,0.0,100.0,False,False,2
221,7.367,0,2,PLACED,,,False,,,,,0.0,100.0,False,False,
222,7.400,0,1,PERSON LEAVES,,,False,,,,,0.0,100.0,False,False,2
222,7.400,0,2,PLACED,,,False,,,,,0.0,100.0,False,False,
223,7.433,0,1,PERSON LEAVES,,,False,,,,,0.0,100.0,False,False,2
223,7.433,0,2,PLACED,,,False,,,,,0.0,100.0,False,False,
224,7.467,0,1,PERSON LEAVES,,,False,,,,,0.0,100.0,False,False,2
224,7.467,0,2,PLACED,,,False,,,,,0.0,100.0,False,False,
225,7.500,0,1,PERSON LEAVES,,,False,,,,,0.0,100.0,False,False,2
225,7.500,0,2,PLACED,,,False,,,,,0.0,100.0,False,False,
226,7.533,0,1,PERSON LEAVES,,,False,,,,,0.0,100.0,False,False,2
226,7.533,0,2,PLACED,,,False,,,,,0.0,100.0,False,False,
227,7.567,0,1,PERSON LEAVES,,,False,,,,,0.0,100.0,False,False,2
227,7.567,0,2,PLACED,,,False,,,,,0.0,100.0,False,False,
228,7.600,0,1,PERSON LEAVES,,,False,,,,,0.0,100.0,False,False,2
228,7.600,0,2,PLACED,,,False,,,,,0.0,100.0,False,False,
229,7.633,0,1,PERSON LEAVES,,,False,,,,,0.0,100.0,False,False,2
229,7.633,0,2,PLACED,,,False,,,,,0.0,100.0,False,False,
230,7.667,0,1,PERSON LEAVES,,,False,,,,,0.0,100.0,False,False,2
230,7.667,0,2,PLACED,,,False,,,,,0.0,100.0,False,False,
231,7.700,0,1,PERSON LEAVES,,,False,,,,,0.0,100.0,False,False,2
231,7.700,0,2,PLACED,,,False,,,,,0.0,100.0,False,False,
232,7.733,0,1,PERSON LEAVES,,,False,,,,,0.0,100.0,False,False,2
232,7.733,0,2,PLACED,,,False,,,,,0.0,100.0,False,False,
233,7.767,0,1,PERSON LEAVES,,,False,,,,,0.0,100.0,False,False,2
233,7.767,0,2,PLACED,,,False,,,,,0.0,100.0,False,False,
234,7.800,0,1,PERSON LEAVES,,,False,,,,,0.0,100.0,False,False,2
234,7.800,0,2,PLACED,,,False,,,,,0.0,100.0,False,False,
235,7.833,0,1,PERSON LEAVES,,,False,,,,,0.0,100.0,False,False,2
235,7.833,0,2,PLACED,,,False,,,,,0.0,100.0,False,False,
236,7.867,0,1,PERSON LEAVES,,,False,,,,,0.0,100.0,False,False,2
236,7.867,0,2,PLACED,,,False,,,,,0.0,100.0,False,False,
237,7.900,0,1,PERSON LEAVES,,,False,,,,,0.0,100.0,False,False,2
237,7.900,0,2,PLACED,,,False,,,,,0.0,100.0,False,False,
238,7.933,0,1,PERSON LEAVES,,,False,,,,,0.0,100.0,False,False,2
238,7.933,0,2,PLACED,,,False,,,,,0.0,100.0,False,False,
239,7.967,0,1,PERSON LEAVES,,,False,,,,,0.0,100.0,False,False,2
239,7.967,0,2,PLACED,,,False,,,,,0.0,100.0,False,False,
240,8.000,0,1,PERSON LEAVES,,,False,,,,,0.0,100.0,False,False,2
240,8.000,0,2,PLACED,,,False,,,,,0.0,100.0,False,False,
241,8.033,0,1,PERSON LEAVES,,,False,,,,,0.0,100.0,False,False,2
241,8.033,0,2,PLACED,,,False,,,,,0.0,100.0,False,False,
242,8.067,0,1,PERSON LEAVES,,,False,,,,,0.0,100.0,False,False,2
242,8.067,0,2,PLACED,,,False,,,,,0.0,100.0,False,False,
243,8.100,0,1,PERSON LEAVES,,,False,,,,,0.0,100.0,False,False,2
243,8.100,0,2,PLACED,,,False,,,,,0.0,100.0,False,False,
244,8.133,0,1,PERSON LEAVES,,,False,,,,,0.0,100.0,False,False,2
244,8.133,0,2,PLACED,,,False,,,,,0.0,100.0,False,False,
245,8.167,0,1,PERSON LEAVES,,,False,,,,,0.0,100.0,False,False,2
245,8.167,0,2,PLACED,,,False,,,,,0.0,100.0,False,False,
246,8.200,0,1,PERSON LEAVES,,,False,,,,,0.0,100.0,False,False,2
246,8.200,0,2,PLACED,,,False,,,,,0.0,100.0,False,False,
247,8.233,0,1,PERSON LEAVES,,,False,,,,,0.0,100.0,False,False,2
247,8.233,0,2,PLACED,,,False,,,,,0.0,100.0,False,False,
248,8.267,0,1,PERSON LEAVES,,,False,,,,,0.0,100.0,False,False,2
248,8.267,0,2,PLACED,,,False,,,,,0.0,100.0,False,False,
249,8.300,0,1,PERSON LEAVES,,,False,,,,,0.0,100.0,False,False,2
249,8.300,0,2,PLACED,,,False,,,,,0.0,100.0,False,False,
250,8.333,0,1,PERSON LEAVES,,,False,,,,,0.0,100.0,False,False,2
250,8.333,0,2,PLACED,,,False,,,,,0.0,100.0,False,False,
251,8.367,0,1,PERSON LEAVES,,,False,,,,,0.0,100.0,False,False,2
251,8.367,0,2,PLACED,,,False,,,,,0.0,100.0,False,False,
252,8.400,0,1,PERSON LEAVES,,,False,,,,,0.0,100.0,False,False,2
252,8.400,0,2,PLACED,,,False,,,,,0.0,100.0,False,False,
253,8.433,0,1,PERSON LEAVES,,,False,,,,,0.0,100.0,False,False,2
253,8.433,0,2,PLACED,,,False,,,,,0.0,100.0,False,False,
254,8.467,0,1,PERSON LEAVES,,,False,,,,,0.0,100.0,False,False,2
254,8.467,0,2,PLACED,,,False,,,,,0.0,100.0,False,False,
255,8.500,0,1,PERSON LEAVES,,,False,,,,,0.0,100.0,False,False,2
255,8.500,0,2,PLACED,,,False,,,,,0.0,100.0,False,False,
256,8.533,0,1,PERSON LEAVES,,,False,,,,,0.0,100.0,False,False,2
256,8.533,0,2,PLACED,,,False,,,,,0.0,100.0,False,False,
257,8.567,0,1,PERSON LEAVES,,,False,,,,,0.0,100.0,False,False,2
257,8.567,0,2,PLACED,,,False,,,,,0.0,100.0,False,False,
258,8.600,0,1,PERSON LEAVES,,,False,,,,,0.0,100.0,False,False,2
258,8.600,0,2,PLACED,,,False,,,,,0.0,100.0,False,False,
259,8.633,0,1,PERSON LEAVES,,,False,,,,,0.0,100.0,False,False,2
259,8.633,0,2,PLACED,,,False,,,,,0.0,100.0,False,False,
260,8.667,0,1,PERSON LEAVES,,,False,,,,,0.0,100.0,False,False,2
260,8.667,0,2,PLACED,,,False,,,,,0.0,100.0,False,False,
261,8.700,0,1,PERSON LEAVES,,,False,,,,,0.0,100.0,False,False,2
261,8.700,0,2,PLACED,,,False,,,,,0.0,100.0,False,False,
262,8.733,0,1,PERSON LEAVES,,,False,,,,,0.0,100.0,False,False,2
262,8.733,0,2,PLACED,,,False,,,,,0.0,100.0,False,False,
263,8.767,0,1,PERSON LEAVES,,,False,,,,,0.0,100.0,False,False,2
263,8.767,0,2,PLACED,,,False,,,,,0.0,100.0,False,False,
264,8.800,0,1,PERSON LEAVES,,,False,,,,,0.0,100.0,False,False,2
264,8.800,0,2,PLACED,,,False,,,,,0.0,100.0,False,False,
265,8.833,0,1,PERSON LEAVES,,,False,,,,,0.0,100.0,False,False,2
265,8.833,0,2,PLACED,,,False,,,,,0.0,100.0,False,False,
266,8.867,0,1,PERSON LEAVES,,,False,,,,,0.0,100.0,False,False,2
266,8.867,0,2,PLACED,,,False,,,,,0.0,100.0,False,False,
267,8.900,0,1,PERSON LEAVES,,,False,,,,,0.0,100.0,False,False,2
267,8.900,0,2,PLACED,,,False,,,,,0.0,100.0,False,False,
268,8.933,0,1,PERSON LEAVES,,,False,,,,,0.0,100.0,False,False,2
268,8.933,0,2,PLACED,,,False,,,,,0.0,100.0,False,False,
269,8.967,0,1,PERSON LEAVES,,,False,,,,,0.0,100.0,False,False,2
269,8.967,0,2,PLACED,,,False,,,,,0.0,100.0,False,False,
270,9.000,0,1,PERSON LEAVES,,,False,,,,,0.0,100.0,False,False,2
270,9.000,0,2,PLACED,,,False,,,,,0.0,100.0,False,False,
271,9.033,0,1,PERSON LEAVES,,,False,,,,,0.0,100.0,False,False,2
271,9.033,0,2,PLACED,,,False,,,,,0.0,100.0,False,False,
272,9.067,0,1,PERSON LEAVES,,,False,,,,,0.0,100.0,False,False,2
272,9.067,0,2,PLACED,,,False,,,,,0.0,100.0,False,False,
273,9.100,0,1,PERSON LEAVES,,,False,,,,,0.0,100.0,False,False,2
273,9.100,0,2,PLACED,,,False,,,,,0.0,100.0,False,False,
274,9.133,0,1,PERSON LEAVES,,,False,,,,,0.0,100.0,False,False,2
274,9.133,0,2,PLACED,,,False,,,,,0.0,100.0,False,False,
275,9.167,0,1,PERSON LEAVES,,,False,,,,,0.0,100.0,False,False,2
275,9.167,0,2,PLACED,,,False,,,,,0.0,100.0,False,False,
276,9.200,0,1,PERSON LEAVES,,,False,,,,,0.0,100.0,False,False,2
276,9.200,0,2,PLACED,,,False,,,,,0.0,100.0,False,False,
277,9.233,0,1,PERSON LEAVES,,,False,,,,,0.0,100.0,False,False,2
277,9.233,0,2,PLACED,,,False,,,,,0.0,100.0,False,False,
278,9.267,0,1,PERSON LEAVES,,,False,,,,,0.0,100.0,False,False,2
278,9.267,0,2,PLACED,,,False,,,,,0.0,100.0,False,False,
279,9.300,0,1,PERSON LEAVES,,,False,,,,,0.0,100.0,False,False,2
279,9.300,0,2,PLACED,,,False,,,,,0.0,100.0,False,False,
280,9.333,0,1,PERSON LEAVES,,,False,,,,,0.0,100.0,False,False,2
280,9.333,0,2,PLACED,,,False,,,,,0.0,100.0,False,False,
281,9.367,0,1,PERSON LEAVES,,,False,,,,,0.0,100.0,False,False,2
281,9.367,0,2,PLACED,,,False,,,,,0.0,100.0,False,False,
282,9.400,0,1,PERSON LEAVES,,,False,,,,,0.0,100.0,False,False,2
282,9.400,0,2,PLACED,,,False,,,,,0.0,100.0,False,False,
283,9.433,0,1,PERSON LEAVES,,,False,,,,,0.0,100.0,False,False,2
283,9.433,0,2,PLACED,,,False,,,,,0.0,100.0,False,False,
284,9.467,0,1,PERSON LEAVES,,,False,,,,,0.0,100.0,False,False,2
284,9.467,0,2,PLACED,,,False,,,,,0.0,100.0,False,False,
285,9.500,0,1,PERSON LEAVES,,,False,,,,,0.0,100.0,False,False,2
285,9.500,0,2,PLACED,,,False,,,,,0.0,100.0,False,False,
286,9.533,0,1,PERSON LEAVES,,,False,,,,,0.0,100.0,False,False,2
286,9.533,0,2,PLACED,,,False,,,,,0.0,100.0,False,False,
287,9.567,0,1,PERSON LEAVES,,,False,,,,,0.0,100.0,False,False,2
287,9.567,0,2,PLACED,,,False,,,,,0.0,100.0,False,False,
288,9.600,0,1,PERSON LEAVES,,,False,,,,,0.0,100.0,False,False,2
288,9.600,0,2,PLACED,,,False,,,,,0.0,100.0,False,False,
289,9.633,0,1,PERSON LEAVES,,,False,,,,,0.0,100.0,False,False,2
289,9.633,0,2,PLACED,,,False,,,,,0.0,100.0,False,False,
290,9.667,0,1,PERSON LEAVES,,,False,,,,,0.0,100.0,False,False,2
290,9.667,0,2,PLACED,,,False,,,,,0.0,100.0,False,False,
291,9.700,0,1,PERSON LEAVES,,,False,,,,,0.0,100.0,False,False,2
291,9.700,0,2,PLACED,,,False,,,,,0.0,100.0,False,False,
292,9.733,0,1,PERSON LEAVES,,,False,,,,,0.0,100.0,False,False,2
292,9.733,0,2,PLACED,,,False,,,,,0.0,100.0,False,False,
293,9.767,0,1,PERSON LEAVES,,,False,,,,,0.0,100.0,False,False,2
293,9.767,0,2,PLACED,,,False,,,,,0.0,100.0,False,False,
294,9.800,0,1,PERSON LEAVES,,,False,,,,,0.0,100.0,False,False,2
294,9.800,0,2,PLACED,,,False,,,,,0.0,100.0,False,False,
295,9.833,0,1,PERSON LEAVES,,,False,,,,,0.0,100.0,False,False,2
295,9.833,0,2,PLACED,,,False,,,,,0.0,100.0,False,False,
296,9.867,0,1,PERSON LEAVES,,,False,,,,,0.0,100.0,False,False,2
296,9.867,0,2,PLACED,,,False,,,,,0.0,100.0,False,False,
297,9.900,0,1,PERSON LEAVES,,,False,,,,,0.0,100.0,False,False,2
297,9.900,0,2,PLACED,,,False,,,,,0.0,100.0,False,False,
298,9.933,0,1,PERSON LEAVES,,,False,,,,,0.0,100.0,False,False,2
298,9.933,0,2,PLACED,,,False,,,,,0.0,100.0,False,False,
299,9.967,0,1,PERSON LEAVES,,,False,,,,,0.0,100.0,False,False,2
299,9.967,0,2,PLACED,,,False,,,,,0.0,100.0,False,False,
300,10.000,0,1,PERSON LEAVES,,,False,,,,,0.0,100.0,False,False,2
300,10.000,0,2,PLACED,,,False,,,,,0.0,100.0,False,False,
301,10.033,0,1,PERSON LEAVES,,,False,,,,,0.0,100.0,False,False,2
301,10.033,0,2,PLACED,,,False,,,,,0.0,100.0,False,False,
302,10.067,0,1,PERSON LEAVES,,,False,,,,,0.0,100.0,False,False,2
302,10.067,0,2,PLACED,,,False,,,,,0.0,100.0,False,False,
303,10.100,0,1,PERSON LEAVES,,,False,,,,,0.0,100.0,False,False,2
303,10.100,0,2,PLACED,,,False,,,,,0.0,100.0,False,False,
304,10.133,0,1,PERSON LEAVES,,,False,,,,,0.0,100.0,False,False,2
304,10.133,0,2,PLACED,,,False,,,,,0.0,100.0,False,False,
305,10.167,0,1,PERSON LEAVES,,,False,,,,,0.0,100.0,False,False,2
305,10.167,0,2,PLACED,,,False,,,,,0.0,100.0,False,False,
306,10.200,0,1,PERSON LEAVES,,,False,,,,,0.0,100.0,False,False,2
306,10.200,0,2,PLACED,,,False,,,,,0.0,100.0,False,False,
307,10.233,1,1,PERSON LEAVES,,,False,,,,,0.0,100.0,False,False,2
307,10.233,1,2,PLACED,,,False,,,,,0.0,100.0,False,False,
308,10.267,0,1,PERSON LEAVES,,,False,,,,,0.0,100.0,False,False,2
308,10.267,0,2,PLACED,,,False,,,,,0.0,100.0,False,False,
309,10.300,0,1,PERSON LEAVES,,,False,,,,,0.0,100.0,False,False,2
309,10.300,0,2,PLACED,,,False,,,,,0.0,100.0,False,False,
310,10.333,0,1,PERSON LEAVES,,,False,,,,,0.0,100.0,False,False,2
310,10.333,0,2,PLACED,,,False,,,,,0.0,100.0,False,False,
311,10.367,1,1,PERSON LEAVES,,,False,,,,,0.0,100.0,False,False,2
311,10.367,1,2,PLACED,,,False,,,,,0.0,100.0,False,False,
312,10.400,1,1,PERSON LEAVES,,,False,,,,,0.0,100.0,False,False,2
312,10.400,1,2,PLACED,,,False,,,,,0.0,100.0,False,False,
313,10.433,1,1,PERSON LEAVES,,,False,,,,,0.0,100.0,False,False,2
313,10.433,1,2,PLACED,,,False,,,,,0.0,100.0,False,False,
314,10.467,1,1,PERSON LEAVES,,,False,,,,,0.0,100.0,False,False,2
314,10.467,1,2,PLACED,,,False,,,,,0.0,100.0,False,False,
315,10.500,1,1,PERSON LEAVES,,,False,,,,,0.0,100.0,False,False,2
315,10.500,1,2,PLACED,,,False,,,,,0.0,100.0,False,False,
316,10.533,1,1,PERSON LEAVES,,,False,,,,,0.0,100.0,False,False,2
316,10.533,1,2,PLACED,,,False,,,,,0.0,100.0,False,False,
317,10.567,1,1,PERSON LEAVES,,,False,,,,,0.0,100.0,False,False,2
317,10.567,1,2,PLACED,,,False,,,,,0.0,100.0,False,False,
318,10.600,1,1,PERSON LEAVES,,,False,,,,,0.0,100.0,False,False,2
318,10.600,1,2,PLACED,,,False,,,,,0.0,100.0,False,False,
319,10.633,1,1,PERSON LEAVES,,,False,,,,,0.0,100.0,False,False,2
319,10.633,1,2,PLACED,,,False,,,,,0.0,100.0,False,False,
320,10.667,2,1,PERSON LEAVES,,,False,,,,,0.0,100.0,False,False,2
320,10.667,2,2,PLACED,,,False,,,,,0.0,100.0,False,False,
321,10.700,2,1,PERSON LEAVES,,,False,,,,,0.0,100.0,False,False,2
321,10.700,2,2,PLACED,,,False,,,,,0.0,100.0,False,False,
322,10.733,2,1,PERSON LEAVES,,,False,,,,,0.0,100.0,False,False,2
322,10.733,2,2,PLACED,,,False,,,,,0.0,100.0,True,False,
323,10.767,2,1,PERSON LEAVES,,,False,,,,,0.0,100.0,False,False,2
323,10.767,2,2,PLACED,,,False,,,,,0.0,100.0,True,False,
324,10.800,2,1,PERSON LEAVES,,,False,,,,,0.0,100.0,False,False,2
324,10.800,2,2,PLACED,,,False,,,,,0.0,100.0,True,False,
325,10.833,2,1,PERSON LEAVES,,,False,,,,,0.0,100.0,False,False,2
325,10.833,2,2,PLACED,,,False,,,,,0.0,100.0,True,False,
326,10.867,2,1,PERSON LEAVES,,,False,,,,,0.0,100.0,True,False,2
326,10.867,2,2,PLACED,,,False,,,,,0.0,100.0,True,False,
327,10.900,2,1,PERSON LEAVES,,,False,,,,,0.0,100.0,True,False,2
327,10.900,2,2,PLACED,,,False,,,,,0.0,100.0,True,False,
328,10.933,2,1,PERSON LEAVES,,,False,,,,,0.0,100.0,True,False,2
328,10.933,2,2,PLACED,,,False,,,,,0.0,100.0,True,False,
329,10.967,2,1,PERSON LEAVES,,,False,,,,,0.0,100.0,True,False,2
329,10.967,2,2,PLACED,,,False,,,,,0.0,100.0,True,False,
330,11.000,2,1,PERSON LEAVES,,,False,,,,,0.0,100.0,True,False,2
330,11.000,2,2,PLACED,,,False,,,,,0.0,100.0,True,False,
331,11.033,2,1,PERSON LEAVES,,,False,,,,,0.0,100.0,True,False,2
331,11.033,2,2,PLACED,,,False,,,,,0.0,100.0,True,False,
332,11.067,2,1,PERSON LEAVES,,,False,,,,,0.0,100.0,True,False,2
332,11.067,2,2,PLACED,,,False,,,,,0.0,100.0,True,False,
332,11.067,2,3,PLACED,,0.4626,False,438,524,599,770,100.0,0.0,True,True,
333,11.100,2,1,PERSON LEAVES,,,False,,,,,0.0,100.0,True,False,2
333,11.100,2,2,PLACED,,,False,,,,,0.0,100.0,True,False,
333,11.100,2,3,PLACED,,0.4849,False,426,530,585,772,100.0,0.0,True,True,
334,11.133,2,1,PERSON LEAVES,,,False,,,,,0.0,100.0,True,False,2
334,11.133,2,2,PLACED,,,False,,,,,0.0,100.0,True,False,
334,11.133,2,3,PLACED,,0.5028,False,417,541,570,776,100.0,0.0,True,True,
335,11.167,2,1,PERSON LEAVES,,,False,,,,,0.0,100.0,True,False,2
335,11.167,2,2,PLACED,,,False,,,,,0.0,100.0,True,False,
335,11.167,2,3,PLACED,,0.3525,False,406,553,555,780,100.0,0.0,True,True,
336,11.200,2,1,PERSON LEAVES,,,False,,,,,0.0,100.0,True,False,2
336,11.200,2,2,PLACED,,,False,,,,,0.0,100.0,True,False,
336,11.200,2,3,PLACED,,0.4272,False,393,560,543,787,100.0,0.0,True,True,
337,11.233,2,1,PERSON LEAVES,,,False,,,,,0.0,100.0,True,False,2
337,11.233,2,2,PLACED,,,False,,,,,0.0,100.0,True,False,
337,11.233,2,3,PICKING,Backpack 3: PLACED -> PICKING,,True,429,555,579,782,100.0,0.0,True,True,
338,11.267,2,1,PERSON LEAVES,,,False,,,,,0.0,100.0,True,False,2
338,11.267,2,2,PLACED,,,False,,,,,0.0,100.0,True,False,
338,11.267,2,3,PICKING,,,True,428,567,578,794,100.0,0.0,True,True,
339,11.300,2,1,PERSON LEAVES,,,False,,,,,0.0,100.0,True,False,2
339,11.300,2,2,PLACED,,,False,,,,,0.0,100.0,True,False,
339,11.300,2,3,PICKING,,,True,420,575,570,802,100.0,0.0,True,True,
340,11.333,2,1,PERSON LEAVES,,,False,,,,,0.0,100.0,True,False,2
340,11.333,2,2,PLACED,,,False,,,,,0.0,100.0,True,False,
340,11.333,2,3,PICKING,,,True,415,579,565,806,100.0,0.0,True,True,
341,11.367,2,1,PERSON LEAVES,,,False,,,,,0.0,100.0,True,False,2
341,11.367,2,2,PLACED,,,False,,,,,0.0,100.0,True,False,
341,11.367,2,3,PICKING,,0.3748,False,363,589,511,817,96.6,3.4,True,True,
342,11.400,2,1,PERSON LEAVES,,,False,,,,,0.0,100.0,True,False,2
342,11.400,2,2,PLACED,,,False,,,,,0.0,100.0,True,False,
342,11.400,2,3,PICKING,,0.4538,False,361,592,507,820,95.2,4.8,True,True,
343,11.433,2,1,PERSON LEAVES,,,False,,,,,0.0,100.0,True,False,2
343,11.433,2,2,PLACED,,,False,,,,,0.0,100.0,True,False,
343,11.433,2,3,PICKING,,,True,423,582,569,810,100.0,0.0,True,True,
344,11.467,2,1,PERSON LEAVES,,,False,,,,,0.0,100.0,True,False,2
344,11.467,2,2,PLACED,,,False,,,,,0.0,100.0,True,False,
344,11.467,2,3,PICKING,,,True,419,585,565,813,100.0,0.0,True,True,
345,11.500,2,1,PERSON LEAVES,,,False,,,,,0.0,100.0,True,False,2
345,11.500,2,2,PLACED,,,False,,,,,0.0,100.0,True,False,
345,11.500,2,3,PICKING,,0.4710,False,361,600,503,826,95.1,4.9,True,True,
346,11.533,2,1,PERSON LEAVES,,,False,,,,,0.0,100.0,True,False,2
346,11.533,2,2,PLACED,,,False,,,,,0.0,100.0,True,False,
346,11.533,2,3,PICKING,,0.6177,False,363,602,503,826,96.4,3.6,True,True,
347,11.567,2,1,PERSON LEAVES,,,False,,,,,0.0,100.0,True,False,2
347,11.567,2,2,PLACED,,,False,,,,,0.0,100.0,True,False,
347,11.567,2,3,PICKING,,0.5932,False,365,604,502,827,97.8,2.2,True,True,
348,11.600,2,1,PERSON LEAVES,,,False,,,,,0.0,100.0,True,False,2
348,11.600,2,2,PLACED,,,False,,,,,0.0,100.0,True,False,
348,11.600,2,3,PICKING,,0.5655,False,366,604,503,827,98.5,1.5,True,True,
349,11.633,2,1,PERSON LEAVES,,,False,,,,,0.0,100.0,True,False,2
349,11.633,2,2,PLACED,,,False,,,,,0.0,100.0,True,False,
349,11.633,2,3,PICKING,,0.5700,False,371,611,503,827,100.0,0.0,True,True,
350,11.667,2,1,PERSON LEAVES,,,False,,,,,0.0,100.0,True,False,2
350,11.667,2,2,PLACED,,,False,,,,,0.0,100.0,True,False,
350,11.667,2,3,PICKING,,0.5120,False,374,618,503,827,100.0,0.0,True,True,
351,11.700,2,1,PERSON LEAVES,,,False,,,,,0.0,100.0,True,False,2
351,11.700,2,2,PLACED,,,False,,,,,0.0,100.0,True,False,
351,11.700,2,3,PICKING,,0.4962,False,376,621,503,827,100.0,0.0,True,True,
352,11.733,2,1,PERSON LEAVES,,,False,,,,,0.0,100.0,True,False,2
352,11.733,2,2,PLACED,,,False,,,,,0.0,100.0,True,False,
352,11.733,2,3,PICKING,,0.4961,False,377,623,504,827,100.0,0.0,True,True,
353,11.767,2,1,PERSON LEAVES,,,False,,,,,0.0,100.0,True,False,2
353,11.767,2,2,PLACED,,,False,,,,,0.0,100.0,True,False,
353,11.767,2,3,PICKING,,0.5022,False,377,624,505,828,100.0,0.0,True,True,
354,11.800,2,1,PERSON LEAVES,,,False,,,,,0.0,100.0,True,False,2
354,11.800,2,2,PLACED,,,False,,,,,0.0,100.0,True,False,
354,11.800,2,3,PICKING,,0.5266,False,377,626,506,828,100.0,0.0,True,True,
355,11.833,2,1,PERSON LEAVES,,,False,,,,,0.0,100.0,True,False,2
355,11.833,2,2,PLACED,,,False,,,,,0.0,100.0,True,False,
355,11.833,2,3,PICKING,,0.5421,False,377,627,506,828,100.0,0.0,True,True,
356,11.867,2,1,PERSON LEAVES,,,False,,,,,0.0,100.0,True,False,2
356,11.867,2,2,PLACED,,,False,,,,,0.0,100.0,True,False,
356,11.867,2,3,PICKING,,0.5103,False,378,632,506,829,100.0,0.0,True,True,
357,11.900,2,1,PERSON LEAVES,,,False,,,,,0.0,100.0,True,False,2
357,11.900,2,2,PLACED,,,False,,,,,0.0,100.0,True,False,
357,11.900,2,3,PICKING,,0.4909,False,378,633,506,829,100.0,0.0,True,True,
358,11.933,2,1,PERSON LEAVES,,,False,,,,,0.0,100.0,True,False,2
358,11.933,2,2,PLACED,,,False,,,,,0.0,100.0,True,False,
358,11.933,2,3,PICKING,,0.4842,False,379,636,506,829,100.0,0.0,True,True,
359,11.967,2,1,PERSON LEAVES,,,False,,,,,0.0,100.0,True,False,2
359,11.967,2,2,PLACED,,,False,,,,,0.0,100.0,True,False,
359,11.967,2,3,PICKING,,0.4567,False,378,638,507,830,100.0,0.0,True,True,
360,12.000,2,1,PERSON LEAVES,,,False,,,,,0.0,100.0,True,False,2
360,12.000,2,2,PLACED,,,False,,,,,0.0,100.0,True,False,
360,12.000,2,3,PICKING,,0.4246,False,376,635,508,830,100.0,0.0,True,True,
361,12.033,2,1,PERSON LEAVES,,,False,,,,,0.0,100.0,True,False,2
361,12.033,2,2,PLACED,,,False,,,,,0.0,100.0,True,False,
361,12.033,2,3,PICKING,,0.4836,False,376,636,508,830,100.0,0.0,True,True,
362,12.067,2,1,PERSON LEAVES,,,False,,,,,0.0,100.0,True,False,2
362,12.067,2,2,PLACED,,,False,,,,,0.0,100.0,True,False,
362,12.067,2,3,PICKING,,0.5064,False,376,638,508,831,99.5,0.5,True,True,
363,12.100,2,1,PERSON LEAVES,,,False,,,,,0.0,100.0,True,False,2
363,12.100,2,2,PLACED,,,False,,,,,0.0,100.0,True,False,
363,12.100,2,3,PICKING,,0.5329,False,375,637,509,831,99.5,0.5,True,True,
364,12.133,2,1,PERSON LEAVES,,,False,,,,,0.0,100.0,True,False,2
364,12.133,2,2,PLACED,,,False,,,,,0.0,100.0,True,False,
364,12.133,2,3,PICKING,,0.5550,False,374,634,511,831,99.5,0.5,True,True,
365,12.167,2,1,PERSON LEAVES,,,False,,,,,0.0,100.0,True,False,2
365,12.167,2,2,PLACED,,,False,,,,,0.0,100.0,True,False,
365,12.167,2,3,PICKING,,0.5887,False,372,630,513,831,99.5,0.5,True,True,
366,12.200,2,1,PERSON LEAVES,,,False,,,,,0.0,100.0,True,False,2
366,12.200,2,2,PLACED,,,False,,,,,0.0,100.0,True,False,
366,12.200,2,3,PICKING,,0.5551,False,371,627,514,831,99.5,0.5,True,True,
367,12.233,2,1,PERSON LEAVES,,,False,,,,,0.0,100.0,True,False,2
367,12.233,2,3,PICKING,,0.5563,False,371,626,514,831,99.5,0.5,True,True,
368,12.267,2,1,PERSON LEAVES,,,False,,,,,0.0,100.0,True,False,2
368,12.267,2,3,PICKING,,0.5636,False,370,623,516,832,99.0,1.0,True,True,
369,12.300,2,1,PERSON LEAVES,,,False,,,,,0.0,100.0,True,False,2
369,12.300,2,3,PICKING,,0.6318,False,370,626,515,832,99.0,1.0,True,True,
370,12.333,2,1,PERSON LEAVES,,,False,,,,,0.0,100.0,True,False,2
370,12.333,2,3,PICKING,,0.6122,False,371,627,515,832,99.0,1.0,True,True,
371,12.367,2,1,PERSON LEAVES,,,False,,,,,0.0,100.0,True,False,2
371,12.367,2,3,PICKING,,0.5961,False,371,628,515,832,99.0,1.0,True,True,
372,12.400,2,1,PERSON LEAVES,,,False,,,,,0.0,100.0,True,False,2
372,12.400,2,3,PICKING,,0.6086,False,371,629,515,832,99.0,1.0,True,True,
373,12.433,2,1,PERSON LEAVES,,,False,,,,,0.0,100.0,True,False,2
373,12.433,2,3,PICKING,,0.5383,False,371,629,515,833,98.5,1.5,True,True,
374,12.467,2,1,PERSON LEAVES,,,False,,,,,0.0,100.0,True,False,2
374,12.467,2,3,PICKING,,0.5425,False,371,630,515,833,98.5,1.5,True,True,
375,12.500,2,1,PERSON LEAVES,,,False,,,,,0.0,100.0,True,False,2
375,12.500,2,3,PICKING,,0.5298,False,371,630,516,833,98.5,1.5,True,True,
376,12.533,2,1,PERSON LEAVES,,,False,,,,,0.0,100.0,True,False,2
376,12.533,2,3,PICKING,,0.5327,False,371,630,516,833,98.5,1.5,True,True,
377,12.567,2,1,PERSON LEAVES,,,False,,,,,0.0,100.0,True,False,2
377,12.567,2,3,PICKING,,0.5203,False,371,631,516,834,98.0,2.0,True,True,
378,12.600,2,1,PERSON LEAVES,,,False,,,,,0.0,100.0,True,False,2
378,12.600,2,3,PICKING,,0.5220,False,371,631,516,834,98.0,2.0,True,True,
379,12.633,2,1,PERSON LEAVES,,,False,,,,,0.0,100.0,True,False,2
379,12.633,2,3,PICKING,,0.5214,False,371,631,516,834,98.0,2.0,True,True,
380,12.667,2,1,PERSON LEAVES,,,False,,,,,0.0,100.0,True,False,2
380,12.667,2,3,PICKING,,0.5218,False,371,632,516,834,98.0,2.0,True,True,
381,12.700,2,1,PERSON LEAVES,,,False,,,,,0.0,100.0,True,False,2
381,12.700,2,3,PICKING,,0.5298,False,371,632,517,835,97.5,2.5,True,True,
382,12.733,2,1,PERSON LEAVES,,,False,,,,,0.0,100.0,True,False,2
382,12.733,2,3,PICKING,,0.5299,False,371,632,517,835,97.5,2.5,True,True,
383,12.767,2,1,PERSON LEAVES,,,False,,,,,0.0,100.0,True,False,2
383,12.767,2,3,PICKING,,0.5340,False,371,632,517,835,97.5,2.5,True,True,
384,12.800,2,1,PERSON LEAVES,,,False,,,,,0.0,100.0,True,False,2
384,12.800,2,3,PICKING,,0.5479,False,371,632,518,836,97.1,2.9,True,True,
385,12.833,2,1,PERSON LEAVES,,,False,,,,,0.0,100.0,True,False,2
385,12.833,2,3,PICKING,,0.5698,False,371,632,518,836,97.1,2.9,True,True,
386,12.867,2,1,PERSON LEAVES,,,False,,,,,0.0,100.0,True,False,2
386,12.867,2,3,PICKING,,0.5587,False,371,632,518,836,97.1,2.9,True,True,
387,12.900,2,1,PERSON LEAVES,,,False,,,,,0.0,100.0,True,False,2
387,12.900,2,3,PICKING,,0.5117,False,371,632,518,836,97.1,2.9,True,True,
388,12.933,2,1,PERSON LEAVES,,,False,,,,,0.0,100.0,True,False,2
388,12.933,2,3,PICKING,,0.4638,False,371,632,519,836,97.1,2.9,True,True,
389,12.967,2,1,PERSON LEAVES,,,False,,,,,0.0,100.0,True,False,2
389,12.967,2,3,PICKING,,0.4589,False,371,632,519,837,96.6,3.4,True,True,
390,13.000,2,1,PERSON LEAVES,,,False,,,,,0.0,100.0,True,False,2
390,13.000,2,3,PICKING,,0.4129,False,371,633,519,837,96.6,3.4,True,True,
391,13.033,2,1,PERSON LEAVES,,,False,,,,,0.0,100.0,False,False,2
391,13.033,2,3,PICKING,,0.4379,False,371,633,519,837,96.6,3.4,True,True,
392,13.067,2,1,PERSON LEAVES,,,False,,,,,0.0,100.0,False,False,2
392,13.067,2,3,PICKING,,0.4933,False,371,633,520,838,96.1,3.9,True,True,
393,13.100,2,1,PERSON LEAVES,,,False,,,,,0.0,100.0,False,False,2
393,13.100,2,3,PICKING,,0.5165,False,371,633,520,838,96.1,3.9,True,True,
394,13.133,1,1,PERSON LEAVES,,,False,,,,,0.0,100.0,False,False,2
394,13.133,1,3,PICKING,,0.5568,False,371,633,520,839,95.6,4.4,False,True,
395,13.167,1,1,PERSON LEAVES,,,False,,,,,0.0,100.0,False,False,2
395,13.167,1,3,PICKING,,0.5579,False,371,633,520,839,95.6,4.4,False,True,
396,13.200,1,1,PERSON LEAVES,,,False,,,,,0.0,100.0,False,False,2
396,13.200,1,3,PICKING,,0.5812,False,371,633,520,839,95.6,4.4,False,True,
397,13.233,1,1,PERSON LEAVES,,,False,,,,,0.0,100.0,False,False,2
397,13.233,1,3,PICKING,,0.5863,False,371,634,520,840,95.1,4.9,False,True,
398,13.267,1,3,PICKING,,0.6087,False,371,634,520,840,95.1,4.9,False,True,
399,13.300,1,3,PICKING,,0.6207,False,371,634,520,840,95.1,4.9,False,True,
400,13.333,1,3,PICKING,,0.5938,False,371,634,521,841,94.7,5.3,False,True,
401,13.367,1,3,PICKING,,0.5413,False,371,635,521,841,94.7,5.3,False,True,
402,13.400,1,3,PICKING,,0.5388,False,371,635,521,841,94.7,5.3,False,True,
403,13.433,1,3,PICKING,,0.5368,False,371,635,521,841,94.7,5.3,False,True,
404,13.467,1,3,PICKING,,0.5131,False,371,635,521,841,94.7,5.3,False,True,
405,13.500,0,3,PICKING,,0.4655,False,372,635,522,841,94.7,5.3,False,True,
406,13.533,0,3,PICKING,,0.4396,False,372,635,522,841,94.7,5.3,False,True,
407,13.567,0,3,PICKING,,0.4807,False,372,635,522,841,94.7,5.3,False,True,
408,13.600,0,3,PICKING,,0.4840,False,372,635,523,841,94.7,5.3,False,True,
409,13.633,0,3,PICKING,,0.4497,False,372,635,523,841,94.7,5.3,False,True,
410,13.667,0,3,PICKING,,0.4764,False,372,635,523,842,94.2,5.8,False,True,
411,13.700,0,3,PICKING,,0.4738,False,372,635,523,842,94.2,5.8,False,True,
412,13.733,0,3,PICKING,,0.4877,False,372,635,523,842,94.2,5.8,False,True,
413,13.767,0,3,PICKING,,0.5523,False,372,635,523,842,94.2,5.8,False,True,
414,13.800,0,3,PICKING,,0.5696,False,372,636,523,842,94.2,5.8,False,True,
415,13.833,0,3,PICKING,,0.5609,False,373,636,524,842,94.2,5.8,False,True,
416,13.867,0,3,PICKING,,0.5718,False,373,636,524,842,94.2,5.8,False,True,
417,13.900,0,3,PICKING,,0.5735,False,373,636,524,842,94.2,5.8,False,True,
418,13.933,0,3,PICKING,,0.5548,False,374,636,524,841,94.6,5.4,False,True,
419,13.967,0,3,PICKING,,0.5511,False,374,636,525,841,94.6,5.4,False,True,
420,14.000,0,3,PICKING,,0.5323,False,374,636,525,842,94.2,5.8,False,True,
421,14.033,0,3,PICKING,,0.5905,False,375,637,526,842,94.1,5.9,False,True,
422,14.067,0,3,PICKING,,0.5971,False,376,637,526,842,94.1,5.9,False,True,
423,14.100,0,3,PICKING,,0.6038,False,376,637,526,842,94.1,5.9,False,True,
424,14.133,0,3,PICKING,,0.6012,False,376,637,527,842,94.1,5.9,False,True,
425,14.167,0,3,PICKING,,0.5982,False,377,637,527,842,94.1,5.9,False,True,
426,14.200,0,3,PICKING,,0.5905,False,377,637,527,842,94.1,5.9,False,True,
427,14.233,0,3,PICKING,,0.5856,False,377,637,527,842,94.1,5.9,False,True,
428,14.267,0,3,PICKING,,0.5776,False,377,637,527,842,94.1,5.9,False,True,
429,14.300,0,3,PICKING,,0.5859,False,377,637,527,842,94.1,5.9,False,True,
430,14.333,0,3,PICKING,,0.5684,False,378,637,527,841,94.6,5.4,False,True,
431,14.367,0,3,PICKING,,0.5445,False,377,637,527,842,94.1,5.9,False,True,
432,14.400,0,3,PICKING,,0.5646,False,378,637,527,842,94.1,5.9,False,True,
433,14.433,0,3,PICKING,,0.5513,False,378,637,527,841,94.6,5.4,False,True,
434,14.467,0,3,PICKING,,0.5598,False,378,637,527,842,94.1,5.9,False,True,
435,14.500,0,3,PICKING,,0.5690,False,378,637,527,842,94.1,5.9,False,True,
436,14.533,0,3,PICKING,,0.5446,False,378,637,528,842,94.1,5.9,False,True,
437,14.567,0,3,PICKING,,0.5569,False,378,637,528,842,94.1,5.9,False,True,
438,14.600,0,3,PICKING,,0.5516,False,378,637,528,842,94.1,5.9,False,True,
439,14.633,0,3,PICKING,,0.5554,False,378,637,528,842,94.1,5.9,False,True,
440,14.667,0,3,PICKING,,0.5498,False,378,637,528,842,94.1,5.9,False,True,
441,14.700,0,3,PICKING,,0.5249,False,378,637,528,842,94.1,5.9,False,True,
442,14.733,0,3,PICKING,,0.5400,False,378,637,528,842,94.1,5.9,False,True,
443,14.767,0,3,PICKING,,0.5528,False,378,637,528,842,94.1,5.9,False,True,
444,14.800,0,3,PICKING,,0.5393,False,379,637,529,841,94.6,5.4,False,True,
445,14.833,0,3,PICKING,,0.5384,False,380,637,529,841,94.6,5.4,False,True,
446,14.867,0,3,PICKING,,0.5277,False,380,637,530,841,94.6,5.4,False,True,
447,14.900,0,3,PICKING,,0.5181,False,380,637,530,841,94.6,5.4,False,True,
448,14.933,0,3,PICKING,,0.4972,False,380,637,530,841,94.6,5.4,False,True,
449,14.967,0,3,PICKING,,0.4976,False,381,637,530,841,94.6,5.4,False,True,
450,15.000,0,3,PICKING,,0.5101,False,381,637,530,841,94.6,5.4,False,True,
451,15.033,0,3,PICKING,,0.5774,False,380,637,529,842,94.1,5.9,False,True,
452,15.067,0,3,PICKING,,0.5812,False,380,637,529,842,94.1,5.9,False,True,
453,15.100,0,3,PICKING,,0.5793,False,380,637,529,842,94.1,5.9,False,True,
454,15.133,0,3,PICKING,,0.5664,False,380,637,529,842,94.1,5.9,False,True,
455,15.167,0,3,PICKING,,0.5696,False,379,637,529,842,94.1,5.9,False,True,
456,15.200,0,3,PICKING,,0.5702,False,379,637,529,842,94.1,5.9,False,True,
457,15.233,0,3,PICKING,,0.5757,False,379,637,529,842,94.1,5.9,False,True,
458,15.267,0,3,PICKING,,0.5725,False,379,637,529,842,94.1,5.9,False,True,
459,15.300,0,3,PICKING,,0.5616,False,379,637,529,842,94.1,5.9,False,True,
460,15.333,0,3,PICKING,,0.5480,False,379,637,530,842,94.1,5.9,False,True,
